duplicates	0.8573749999999999	704237,4322395
duplicates	0.9302586113810603	807511,5555409
duplicates	0.8876116293893321	4085297,5528313
duplicates	0.7914531250000001	558380,3989081,5350562
duplicates	0.5787037037037038	4939180,4939188,4939199,4939200
duplicates	0.7290000000000001	840180,840181,1004602,1058427
duplicates	0.9032962962962966	1199879,2314499
duplicates	0.8771956771080159	4174655,5668823
duplicates	0.9159338373350026	723976,4420588
duplicates	0.8573750000000004	1241014,4070415,5514535
duplicates	0.8390469454357627	4108687,5553907
duplicates	0.9302586113810603	149277,1860491
duplicates	0.8801359953703705	3929738,5253450
duplicates	0.8130370370370371	182324,4621191,5396265
duplicates	0.7895101149233382	967114,987351,1022731
duplicates	0.43478865792915417	6387377,6397749,6399025,6403104,6408372,6419626,6421637,6422908,6433559
duplicates	0.9159338373350026	1260104,1379506
duplicates	0.8424211248285322	371617,1731311,4883822
duplicates	0.9473795098396504	4134126,5621306
duplicates	0.6115414298509744	4941978,4941979,4941980,4941981,4941982,4941983,4941985,4941986,6252726,6256015,6256434
duplicates	0.8948279489105931	1361930,1362229,3904666,3904714,5231636,5231637
duplicates	0.8573749999999999	813814,4231324
duplicates	0.421875	4939533,4939868,4939869,4939870,4939872,4939953,4939956,4939957,4939960,4940072
duplicates	0.9473795098396504	1957761,1957784,4157791,5650195
duplicates	0.9302586113810606	1021299,2361891,4321293,6220405
duplicates	0.7702546296296292	90843,102895,1921880,1942198,4313634,4887493,5237313,6212601
duplicates	0.8876116293893321	4581468,6208941
duplicates	0.6741440593070493	126372,171066,205314,205740,207579,215577,1105336,1122655,1125670,1138551,1409049,1409961,1411758,1411976,1427440,1431002
duplicates	0.7597988281250005	168677,168680,168681
duplicates	0.5864039506668439	1183272,1782357,1782358,1782359,1782360,1782362,1782363,1782364,1782365,1782366,1782367,1782369,1782370,1782371,1782508,1782509,1782510,1782511,1782512,1782513,1782514,1782515,1782516,1782517,1783291,1783292,1783294,1783295,1783296,1783297,1783298,1783299,1783300,1783301,1783302,1783303,1783304,1783305,1783306,1783307,1783308,1783309,1783310,1783311,1783312,1783313,1783314,1783315,1783316,1783317,1783318,1783319,2318218,4211725,4211726,4211727,4211728,4211730,4211731,4211732,4211733,4211734,4211735,4211737,4211738,4211739,4211753,4211754,4211755,4211756,4211757,4211758,4211759,4211760,4211761,4211762,4211847,4211848,4211849,4211850,4211851,4211852,4211853,4211854,4211855,4211856,4211857,4211858,4211859,4211860,4211861,4211862,4211863,4211864,4211865,4211866,4211867,4211868,4211869,4211870,4211871,4211872,4211873,4211874,5492873,5492874,5492875,5492876,5492877,5492878,5492879,5492880,5492881,5492882,5492883,5492884,5492885,5492886,5492887,5492888,5492889,5492890,5492891,5492892,5492893,5492894,5492895,5492896,5492897,5492898,5492899,5492900,5492901,5492902,5492903,5492904,5492905,5492906,5492907,5492908,5492909,5492910,5492911,5492912,5492913,5492914,5492915,5492916,5492917,5492918,5492919,5492920,5703366,5703367,5703368,5703369,5703371,5703372,5703373,5703374,5703375,5703376,5703378,5703379,5703380,5703393,5703394,5703395,5703396,5703397,5703398,5703399,5703400,5703401,5703402,5703490,5703491,5703492,5703493,5703494,5703495,5703496,5703497,5703498,5703499,5703500,5703501,5703502,5703503,5703504,5703505,5703506,5703507,5703508,5703509,5703510,5703511,5703512,5703513,5703514,5703515,5703516,5703517
duplicates	0.8603868532235938	167233,1890492,3920803,5245946
duplicates	0.754208179504038	598592,598593,1033649
duplicates	0.8573749999999999	876104,1937340
duplicates	0.8381807580174929	3871814,5207864
duplicates	0.9673939151055443	364133,2355688
duplicates	0.8801359953703705	3942343,5263466
duplicates	0.7060850635502784	5477966,5477967,5477968,5477969,5477970,6149410
duplicates	0.7702546296296295	5065336,5172133
duplicates	0.33489797668038357	4433445,4433446,4433448,4652813,4653677,4655177,4655525,4655764,4655765,4656554,4656572,4657064,4657065,4657215,4657426,4657955,4657956,4658030,4658031,4658152,4658153,4658154,4658155,4658156,4664022,5476240
duplicates	0.49616608796296374	5041135,5041347,5041350,5042239,5042273,5042277,5042278,5042279,5042286,5042431,5042459,5042461,5042470,5042982,5043006,5043008,5043028,5043030,5043286,5043321,5043322
duplicates	0.8381807580174929	4831524,4831525
duplicates	0.8573749999999999	1512840,3894791,5224482
duplicates	0.9784180189888252	642364,2256284,4440306,6186881
duplicates	0.6509629629629627	4465240,4465258,4465267
duplicates	0.8573749999999999	4646438,6176059
duplicates	0.7895101149233382	2234010,3896530,5225745
duplicates	0.8878115569272977	4112217,4699658,5568433
duplicates	0.8130370370370371	215458,492525,1806434,1845314,4186722
duplicates	0.8025237581405319	3891387,5222151
duplicates	0.955562205304091	49301,1401607,4718129
duplicates	0.8390469454357624	4488785,4488786,5343616,5343617
duplicates	0.9302586113810606	232047,232048,1571950
duplicates	0.6065510879190885	48927,55780,70673,71114,80855,86587,93086,101604,126310,176600,484848,545406,646126,684967,707642,1155596,1723947,1754650,1802683,1835325,1836839,1836873,1837724,1838338,1838852,1857247,1862738,1864172,1880420,1930667,1932842,1978740,2150340,2263312,4155182,4200523,4209524,4255892,4313521,4313522,4334787
duplicates	0.8329961495116457	78227,1122747,1408001
duplicates	0.8573749999999999	344272,4280781
duplicates	0.8521114574411932	4164904,5659609
duplicates	0.8719614101220847	1223884,4162510,5655109
duplicates	0.8025237581405319	4731609,6216662
duplicates	0.8424211248285322	112424,114289
duplicates	0.8573749999999999	365545,2187811,4354519
duplicates	0.847003641329085	501677,1879640
duplicates	0.9348038408779151	4576281,6193679
duplicates	0.9302586113810603	502715,2247539
duplicates	0.8025237581405319	469564,4883909
duplicates	0.8130370370370371	944577,990844
duplicates	0.789510114923338	4496952,4498119,4980504,4982664,5431586,5434876
duplicates	0.7542081795040372	1121832,1121936,1126380,1127149
duplicates	0.9387930410879629	364413,4370889,6271212
duplicates	0.8801359953703705	314441,1370346
duplicates	0.9302586113810603	3862847,5200572
duplicates	0.9032962962962966	4136437,5623490
duplicates	0.7171694753483592	4592096,4878516,5578170,6312751
duplicates	0.8521114574411923	4230042,4234259,5815447,5819566
duplicates	0.9032962962962966	754335,1769086
duplicates	0.8228227345054574	47055,582304,4381347,6311860
duplicates	0.8801359953703705	3942365,5263488
duplicates	0.8424211248285322	384296,408379,426946,2332574,2332899
duplicates	0.8424211248285322	86429,1837714,5189917
duplicates	0.9077533423716344	4146908,5633408
duplicates	0.8130370370370368	4083695,5526640
duplicates	0.9159338373350026	95990,2329342
duplicates	0.9159338373350026	463690,1931577
duplicates	0.8130370370370371	6257653,6258123
duplicates	0.860386853223594	435091,2004955,3988550,5349432
duplicates	0.9302586113810606	53085,1869756,4275368,6145819
duplicates	0.6954238281144535	357600,367830,479398,543458,1958667,2218336,2218421,2249235
duplicates	0.8801359953703705	4089223,5532310
duplicates	0.8470036413290857	4088848,5531418
duplicates	0.9077533423716344	1651220,1651221,4051704,4051711,5474189,5474190
duplicates	0.7702546296296301	2302894,2302895,2302896
duplicates	0.8130370370370371	567220,732976,2280910,2284828
duplicates	0.7593933858560066	154010,1804034,1811597,3911395,5237562
duplicates	0.7895101149233382	28532,206523,5571797
duplicates	0.8130370370370371	149248,658276
duplicates	0.9784180189888252	889429,4002634,4798108,5387381
duplicates	0.8424211248285322	574820,972889,1847751,2115806
duplicates	0.8381807580174929	4950623,4950624
duplicates	0.9673939151055443	971787,1999781
duplicates	0.9032962962962966	1786874,4110762,5561649
duplicates	0.9302586113810603	1168084,2311624,4709233,5590648
duplicates	0.9159338373350026	3867418,5204213
duplicates	0.9302586113810603	1150660,2261643,4698742,5579761
duplicates	0.911446289142763	1342711,4192548,5685361
duplicates	0.9302586113810606	246646,1907222,3984461,5303912
duplicates	0.8801359953703708	1726651,1726652,4201015,4201032,5693224
duplicates	0.9302586113810603	3868627,5205520
duplicates	0.9159338373350026	952435,2061565
duplicates	0.8122037227489556	1310286,4103270,5544127
duplicates	0.9673939151055443	3835015,5175854
duplicates	0.8130370370370371	802171,802172,802173
duplicates	0.909695752574533	513561,4348693,4946858,6249662
duplicates	0.8801359953703705	3842190,5182485
duplicates	0.9032962962962966	4084090,5527300
duplicates	0.7023319615912212	1151028,1151031,1151051,1151052,1151053,1151057,1151058
duplicates	0.5305042651981428	4464565,4464569,4464585,4464591,4466256
duplicates	0.8470036413290857	4088758,5531218
duplicates	0.7981101726188032	204297,489200,4362866,4906940,6263551
duplicates	0.8573749999999999	1136789,1433880
duplicates	0.9302586113810603	1067208,5562514
duplicates	0.8130370370370371	265533,4352582,6253465
duplicates	0.9302586113810606	4253592,6115460
duplicates	0.6555257709221589	4988636,4988650,5004988,5057990
duplicates	0.8381807580174929	1796772,6166962
duplicates	0.8470036413290857	4088570,5531297
duplicates	0.9032962962962966	82985,4305898,6191982
duplicates	0.9302586113810603	3868629,5205530
duplicates	0.8573749999999999	4566694,5638192
duplicates	0.955230681470351	3836040,5176613
duplicates	0.9302586113810606	303783,2198252,4049269,5470039
duplicates	0.9302586113810606	4361335,6262177
duplicates	0.8876116293893321	357751,4771097
duplicates	0.9159338373350026	3867625,5204467
duplicates	0.8297427603610521	385013,394459,2151821,3998986,4887737,5379707
duplicates	0.9302586113810603	2378639,6367703
duplicates	0.9077533423716344	3871474,5207736
duplicates	0.9302586113810606	3902035,5229889
duplicates	0.8381807580174929	114681,5393228
duplicates	0.41114988452266543	4944979,4944980,4944981,4944982,4944984,4944985,4944987,4944988,4944991,4944992
duplicates	0.7762233659957123	1831157,3899892,5228052
duplicates	0.7563347050754455	6323388,6331041,6334435,6436646
duplicates	0.7895101149233382	366253,802571,5551845
duplicates	0.9159338373350026	3864285,5201711
duplicates	0.5784977534586441	411206,411209,411291,411307,411312,411314,411535,411598,411616,411626,411632,412687,412689,412699,413177,413179,413188,413371,413870,413872,413895,413994,414008,414028,415561,415596,415599,415879,416415,416434,416446,416451,416457,416460,416591,418963,418967,419004,419005,420124,421807,422547,422554,423383,423732,423813,423825,425676,428342,431076,749893,840928,856239,856784,856786,857244,857245,857515,857517,857518,857519,858059,858060,858177,858278,858279,860703,860704,860705,860906,860908,860909,860910,860912,860913,860966,860981,861001,861004,861007,861009,861213,861214,861215,861216,861367,861369,861371,861543,861613,861615,861616,861617,861618,861689,862311,862312,862313,862331,862338,863099,863546,871252,871255,873018,874110,1217293,1217295,1300054,1909904,1909942,1910572,1910573,1910574,1910576,1910577,1910582,1910583,1910590,1910597,1912614,1922552,1922559,1922560,1922561,1922583,1922584,1922642,1922643,1922709,1922850,1923175,1923186,1923190,1923191,1923198,1923199,1923210,1923211,1936413,1936414,1936415,1936437,1936440,1936441,1936442,1936447,1936456,1936457,1936458,1936462,1936480,1936498,1937051,1937052,1937053,1937068,1937069,1937073,1937074,1937076,1937077,1937085,1949115,1949116,1949121,1949122,1949158,1949168,1949172,1949173,1949189,1949224,1949225,1949231,1949232,1949237,1949703,1949715,1949725,1949740,1949750,1949751,1949753,1949785,1949886,1950663,1962236,1962237,1962238,1962251,1962277,1962278,1962293,1962294,1962362,1962834,1962848,1962849,1962850,1962852,1962872,1962879,1962880,1962987,1963027,2179254,2190016,2200311,2200312,4172589,4172590,4172595,4172602,4173570,4181251,4181362,4181363,4181364,4181368,4189216,4189422,4189423,4189427,4189434,4189435,4189436,4189437,4198442,4198451,4198455,4198456,4198471,4198490,4198804,4207469,4207511,4207537,4281943,4281944,4281945,4281946,4281949,4281967,4281975,4281981,4281987,4281990,4281995,4281996,4281998,4281999,4282064,4282070,4282076,4282260,4282480,4282481,4282482,4282484,4282486,4282487,4282488,4282490,4282687,4419666,4419667,4419668,4419669,4419670,4420380,4456075,4456076,4837078,4837079,4837080,4837081,4837082,4837083,4837084,4837085,4837086,4837088,4837089,4837090,4837093,4837094,4837095,4837097,4837098,4837099,4837100,4837101,4837102,4837216,4837217,4837220,4837221,4837222,4837223,4837224,4837225,4837226,4837227,4837228,4837229,4837230,4837231,4837232,4837233,4837234,4837235,4837236,4837237,4837238,4837239,4837242,4837243,4837244,4837245,4837246,4837247,4837248,4837249,4837250,4837251,4837252,4837255,4837256,4837257,4837258,4837259,4837260,4837261,4837262,4837263,4837264,4837265,4837266,4837267,4837268,4837269,4837270,4837271,4837272,4837273,4837274,4837275,4837276,4837277,4837278,4837281,4837282,4837283,4837284,4837285,4837286,4837287,4837288,4837289,4837292,4837293,4837294,4837295,4837296,4837297,4837298,4837299,4837300,5639206,5639207,5666719,5666720,5666725,5666732,5667752,5674710,5674822,5674823,5674824,5674828,5682267,5682469,5682470,5682474,5682481,5682482,5682483,5682484,5690671,5690680,5690685,5690686,5690701,5690720,5691033,5699190,5699232,5699259,6157570,6157571,6157572,6157573,6157574,6157575,6157577,6157578,6157581,6157582,6157583,6157603,6157604,6157607,6157608,6157616,6157617,6157619,6157620,6157626,6157632,6157635,6157636,6157637,6157639,6157643,6157644,6157645,6157646,6157647,6157648,6157650,6157653,6157654,6157655,6157656,6157712,6157718,6157719,6157726,6157727,6157735,6157736,6157743,6157744,6157949,6158396,6158402,6158403,6158405,6158406,6158407,6158410,6158411,6158412,6158413,6158415,6158416,6158417,6158418,6158419,6158421,6158424,6158425,6158426,6158427,6158443,6158661,6158662,6158663,6214006,6214007,6214008,6214009,6214010
duplicates	0.7876843069407701	1843213,4106777,5550401
duplicates	0.8130370370370371	115971,890423,1802288,2246680
duplicates	0.8876116293893321	623765,5289692
duplicates	0.8038050624620751	1190614,1195400,2313567,4120735,4453159,4710285,5599702,5606385
duplicates	0.8122037227489556	655245,655246,655247
duplicates	0.955230681470351	1199703,1792200
duplicates	0.7613769198978874	1815575,1815584,3872514,3872520,4700190,5208402,5208408,6180738
duplicates	0.9302586113810603	1098957,5574044
duplicates	0.8801359953703708	1793826,3914397,3914400,3914402,5240636,5240637,5240638
duplicates	0.9302586113810606	990231,2148066
duplicates	0.6172378592824465	188109,254204,254364,325221,445416,485921,487610,536977,553391,591669,795106,799324,808435,834550,834811,1044319,1044320,1051347,1051348,1051349,1051350,1052460,1052461,1053467,1066786,1128332,1139173,1957517,1971608,2223441,2269044,4065686,4330260
duplicates	0.7878933711634089	662873,2166833,4047519
duplicates	0.8573749999999999	214924,1824470,4013544
duplicates	0.7583129116726061	1895829,3866841,3866864,4235058,5203837,5820464
duplicates	0.909695752574533	75542,3921116,5246113,5571617
duplicates	0.9077533423716344	1822704,4007372,4007390,5395659,5395660
duplicates	0.9302586113810606	171188,3945171,5265950
duplicates	0.8801359953703705	123765,5391685
duplicates	0.8533995426674135	1078926,4439149,5567933
duplicates	0.4705075445816187	4452051,4452052,4452054,4452056,4452058
duplicates	0.707518101995263	4440573,4673944,5418539,5574117,5575076,5700701
duplicates	0.8876116293893321	977824,2162001
duplicates	0.8424211248285322	1831396,3876549,5211432
duplicates	0.9077533423716344	3871275,5207516
duplicates	0.6668646654601053	275595,423132,960173,1049068,1207927,1213728,1865622,2004464,2196108
duplicates	0.9032962962962966	3937428,5259556
duplicates	0.9302586113810606	2187829,3979606,3979610,5297823,5297824
duplicates	0.8424211248285322	609369,697985,2149816,2194376
duplicates	0.9302586113810603	223206,6106129
duplicates	0.8025237581405319	836971,972599
duplicates	0.9032962962962966	4084153,5527360
duplicates	0.8381807580174929	472983,4328016
duplicates	0.9555622053040906	1633057,1756789,1756894
duplicates	0.6509629629629633	4504953,4504976
duplicates	0.8521114574411925	45195,47843
duplicates	0.8424211248285322	1781048,5417604
duplicates	0.6739141542724552	570955,640030,1039794,1039809,1039853,1039865,1039872,1039907
duplicates	0.8573749999999999	68163,2211089
duplicates	0.7702546296296295	5420593,5420594,5420595,5420603
duplicates	0.8768600583090383	1935104,3972669,5285303
duplicates	0.8381807580174929	5731807,5731808
duplicates	0.8424211248285322	209733,489814
duplicates	0.9032962962962966	1083306,5477728
duplicates	0.8771956771080159	3855031,5194899
duplicates	0.8801359953703708	3869321,5206100
duplicates	0.8228227345054574	38484,1124375
duplicates	0.6740915012982902	74308,74309,74310,74312,74315,534481,657997,658079
duplicates	0.9302586113810603	697756,5488807
duplicates	0.9473795098396504	1299678,3986270,5305560
duplicates	0.955230681470351	1135758,1551674
duplicates	0.7040435740680299	4482547,4486153,4487784,5337373,5340983,5342614
duplicates	0.878050365918135	3962210,5277860
duplicates	0.7542081795040372	162683,163263,164206,4392490
duplicates	0.7702546296296298	4509486,4509489
duplicates	0.8130370370370371	933278,4311165,6207535
duplicates	0.8470036413290857	1448821,1448826
duplicates	0.9302586113810606	334055,4262653,6129229
duplicates	0.8801359953703705	1131563,1132107
duplicates	0.9302586113810603	426660,2042914
duplicates	0.8390469454357624	4477222,4477223,5332017,5332018
duplicates	0.9032962962962966	4138121,5624781
duplicates	0.8424211248285322	411777,632133,2183911,4179171,5672822
duplicates	0.6141249999999999	5066010,5068573,5068577,5068584
duplicates	0.8801359953703705	3842045,5182491
duplicates	0.8950322008954047	111169,1942521,4005775,4619235,5392690
duplicates	0.9387930410879629	269116,4371085,6271407
duplicates	0.8424211248285322	861700,2080292,4282495,4836663,6158433
duplicates	0.6699218749999998	4988492,4988495,4988496,4988497,4988507
duplicates	0.8381807580174929	4097614,5539039
duplicates	0.955230681470351	1896637,1960119
duplicates	0.8573750000000004	1241263,4070627,5514720
duplicates	0.955230681470351	173437,5571349
duplicates	0.411149884522666	4491351,4491352,4491353,4491354,4491445,4491446,4491447,4491666,4491669
duplicates	0.9077533423716344	4146923,5633420
duplicates	0.9302586113810603	1098958,5574045
duplicates	0.8623986689020985	174105,1872537,4053753,5480343
duplicates	0.9321506622148554	889422,1963186,4001301,5385996
duplicates	0.8130370370370371	1019152,1043020,2331309
duplicates	0.7709011779699597	470306,478209,1086540,4132283
duplicates	0.7702546296296295	5110831,5111272
duplicates	0.8801359953703708	421545,4355791,6256647
duplicates	0.9032962962962966	1024476,4044443,5462598
duplicates	0.9577521865889215	1231232,4457558,5656850
duplicates	0.8130370370370371	388679,729402,1421459,1425291
duplicates	0.68924537037037	5592051,5592115,5592179,5594761,5597462,5597576,5599526,5599731
duplicates	0.8521114574411932	4164626,5659538
duplicates	0.955230681470351	692565,4432861
duplicates	0.9302586113810603	4137351,5624235
duplicates	0.8643962345985892	558576,1828108,3982399,4888032,5301113
duplicates	0.6141249999999999	3943406,3951058,3953746,3953860,3954571,3961369,3966840,5264168,5272037,5272149,5272721,5277282,5281150
duplicates	0.9302586113810606	3914931,5241421
duplicates	0.8573749999999999	166092,2272390
duplicates	0.6836869668502319	75301,258446,275991,301239,335321,1875537,1921243,2185267,2207551,2215453,3998935,3998936
duplicates	0.9302586113810603	1239514,5814168
duplicates	0.9473795098396504	4013233,5404458
duplicates	0.7914531250000001	4944857,4944858,4944859
duplicates	0.7400125522013822	171683,4476328,4476329,5331046,5331047
duplicates	0.7702546296296295	1114039,1118347,1130381,1135818
duplicates	0.8801359953703705	682986,700525
duplicates	0.9302586113810606	1935416,4278302,6154021
duplicates	0.8771956771080159	3854959,5194371
duplicates	0.8090838655146502	706549,750705,957723,1696850,1724068,4052140,4052956
duplicates	0.9302586113810603	765921,772403
duplicates	0.4705075445816187	4952212,4952219,4952229,4952250
duplicates	0.6421662859684446	249665,278166,506117,506119,508364,514597,572119,639840,940972,1174080
duplicates	0.8424211248285322	296360,630876
duplicates	0.9077533423716344	4028290,5411521
duplicates	0.6906396626731048	4421779,4564473,5500831,5502033,5502034,5707101
duplicates	0.4506296296296297	4913308,4913394,4913405,4913608,4913623
duplicates	0.9473795098396504	540268,1831004
duplicates	0.9302586113810603	1089631,5492952
duplicates	0.684877461789586	602071,1831139,1849185,1869763,3850628,3850696,4729433,4730328,4735763,5191061,5191137,5219948,5243257
duplicates	0.860386853223594	916241,969370,1672784,5409207
duplicates	0.9032962962962966	394404,4119915,5597170
duplicates	0.8130370370370371	1833143,3937246
duplicates	0.9032962962962966	798008,5382000
duplicates	0.9302586113810603	661855,5356308
duplicates	0.7942464863976332	1493259,1493547,3950707,5269895
duplicates	0.8573749999999999	238926,1620500
duplicates	0.9077533423716344	3964879,5279896
duplicates	0.6449685820656085	680387,698901,713186,725155,994119,994577,998148,1034363,1160072,1160089,1160090,1160093,1222254,1222271,1222567,1651546,1754422,2118391,2132893,2151063,2167319,2308570
duplicates	0.9302586113810603	937985,2082425
duplicates	0.9077533423716344	3968647,3969602,5282481,5282482
duplicates	0.7530107704673517	35512,149066,171777,324358
duplicates	0.8424211248285322	1022426,2149858,4334740,6235130
duplicates	0.8381807580174927	977414,2146903
duplicates	0.7981101726188032	488757,1807899,4315194,4846415,6214093
duplicates	0.8424211248285322	239649,239659,6150628,6150637
duplicates	0.7702546296296301	39676,40827,5419490
duplicates	0.9032962962962966	4084357,5527582
duplicates	0.6509629629629627	5164218,5164237,5164406
duplicates	0.9387930410879629	394589,4370711,6271033
duplicates	0.8025237581405319	4459913,4462636,5308391,5311511
duplicates	0.9302586113810603	1532753,1533173,4199961,5691959
duplicates	0.8130370370370371	1314688,4135134,5622221
duplicates	0.7702546296296295	279818,352108,364952,411986
duplicates	0.9302586113810603	81629,2331719
duplicates	0.8130370370370371	736321,1054646
duplicates	0.8801359953703705	1893450,5259686
duplicates	0.7513148009015774	4458521,4460928,4460930,5306860,5309407,5309409
duplicates	0.7914531250000001	4831043,4831044
duplicates	0.9302586113810606	135780,4370394,6270718
duplicates	0.6661010370370367	68923,69239,79743,94702,143184,176441
duplicates	0.8130370370370368	673928,686181,2134905,5489064
duplicates	0.8424211248285322	1143253,1143254
duplicates	0.9032962962962966	510348,4267893,6134522
duplicates	0.8533995426674135	3925623,5250093,5548619
duplicates	0.8768600583090383	3970992,5283556
duplicates	0.8573749999999999	356117,3997636
duplicates	0.9708756436061546	38406,1404653,3928987
duplicates	0.955230681470351	459910,4728118
duplicates	0.8109647261314876	1233700,4564187,4595479,5658985,6595237
duplicates	0.8390469454357627	4149828,5636073
duplicates	0.7023319615912212	399633,826141,941388,1014262,1058825
duplicates	0.9302586113810603	236578,6142298
duplicates	0.8452832553123794	1839384,1839385,1839386,4006275,4006277,5393678,5393679
duplicates	0.9302586113810606	1127142,4441674,5577332
duplicates	0.8643962345985895	403525,1936334,3983135,4884832,5302213
duplicates	0.955230681470351	145329,1674770
duplicates	0.8130370370370371	334245,1133636,1557799
duplicates	0.8801359953703705	3939968,5261428
duplicates	0.9077533423716339	1684371,4090904,5533300
duplicates	0.9032962962962966	101139,6121969
duplicates	0.8801359953703708	4397094,4675598
duplicates	0.9032962962962966	1082697,5477166
duplicates	0.955230681470351	4473142,5327258
duplicates	0.8801359953703708	437262,4356101,6256984
duplicates	0.8573749999999999	5171425,5171478
duplicates	0.8801359953703705	253654,2206850
duplicates	0.9302586113810606	3995333,5365958
duplicates	0.9302586113810603	374459,5444104
duplicates	0.8470036413290857	3857867,5196892
duplicates	0.9139250154235998	257872,1920258,4323189,4956172,6222326
duplicates	0.8130370370370371	865504,962483
duplicates	0.9348038408779151	793884,4431245
duplicates	0.8424211248285322	6611049,6611063
duplicates	0.8801359953703708	412892,4355545,6256389
duplicates	0.9302586113810603	129058,1840088
duplicates	0.9473795098396504	3897423,5225981
duplicates	0.9302586113810606	3974257,5292945
duplicates	0.8573749999999999	529685,4162084
duplicates	0.9032962962962966	1023582,2118938
duplicates	0.9302586113810603	4381327,6311841
duplicates	0.9348038408779151	675757,1650178
duplicates	0.9032962962962966	1869340,1869351,3868881
duplicates	0.8801359953703705	1964281,3905577,5232753
duplicates	0.7521317433464536	2167947,4670089,4787045,5466512
duplicates	0.9302586113810603	154164,1822350
duplicates	0.8573749999999999	738100,1772720,4322699
duplicates	0.9302586113810603	898945,5449233
duplicates	0.7740803906836965	4464503,4471188,5313650,5323993
duplicates	0.9045263864083688	2161516,3961183,5277032
duplicates	0.8801359953703705	3843656,5183923
duplicates	0.7099835799679254	134803,198231,324828,1052320,1104264,1411539
duplicates	0.8876116293893321	4030028,5413429
duplicates	0.955230681470351	1228573,5648134
duplicates	0.8801359953703708	1916344,3899195,5227439
duplicates	0.7406327610409249	225080,649982,827592
duplicates	0.9302586113810603	3892093,5222707
duplicates	0.8801359953703708	1490025,3885833,5218105
duplicates	0.7878933711634089	3937788,4305330,6191088
duplicates	0.8424211248285322	445405,534459
duplicates	0.9302586113810603	683872,5543619
duplicates	0.7553468932215746	5021110,5021115,5167810
duplicates	0.8986321249999999	799829,1780529,4107363,5551327
duplicates	0.7435601598774433	30906,352587,1139567,1434514,4361445,4495713,4978091,5428597,6262283
duplicates	0.7878933711634089	448042,4034717,5418595
duplicates	0.5787037037037038	5166914,5166949,5166954
duplicates	0.8424211248285322	3863944,5201428
duplicates	0.9302586113810603	2378377,6313579
duplicates	0.8801359953703705	1051887,5565056
duplicates	0.878050365918135	3962241,5277845
duplicates	0.7803013033549694	5018282,5170401
duplicates	0.9302586113810603	3951144,5270231
duplicates	0.9302586113810603	1082315,5476766
duplicates	0.8801359953703705	4245505,6107639
duplicates	0.8876116293893321	4468124,5318911
duplicates	0.8801359953703705	4031963,4132144,5415421,5619560
duplicates	0.9302586113810603	1086055,5482864
duplicates	0.7702546296296298	4463969,4463975
duplicates	0.7803013033549694	4096166,5537670
duplicates	0.8424211248285322	532355,595908,1827239,2203980
duplicates	0.9077533423716344	4063861,5506897
duplicates	0.8381807580174929	909580,5460866
duplicates	0.9473795098396504	168814,1409800
duplicates	0.8381807580174929	4729079,4913235
duplicates	0.9302586113810603	1187733,5596858
duplicates	0.8424211248285322	3863920,5201400
duplicates	0.9032962962962966	1226076,1547014
duplicates	0.8381807580174929	4265627,6132259
duplicates	0.8424211248285322	1141880,1141883
duplicates	0.9302586113810606	1377690,6127413
duplicates	0.8515025889701651	488479,497466,1484899,4331984,4629631,5359543,6231954
duplicates	0.5720554445965594	4435428,4645312,4651727,4663038,4663614,4679321,4831365,4831366,4831367,4831368,4831369,4831370,4831371,4962100,4962112,4964477,4968714,4969033,4969065,4972977,5501585,5503732,5505075,5507032,5509764,5509765,5553219,5553457,5553704,5554497,5558189,6244915
duplicates	0.9473795098396504	4358359,6259399
duplicates	0.9473795098396504	4091844,5533914
duplicates	0.955230681470351	189993,2257234
duplicates	0.8801359953703705	3843639,5183905
duplicates	0.8305840000000001	56298,4497119,4980878,5433187
duplicates	0.8470036413290857	3837312,5177778
duplicates	0.9302586113810606	1229656,2368468,5647647
duplicates	0.9302586113810603	4264846,6131507
duplicates	0.9032962962962966	1294442,5226318
duplicates	0.9302586113810606	1853485,3844933,5184711
duplicates	0.9139250154235998	866611,1791442,4033353,4706243,5416914
duplicates	0.9077533423716344	3871439,5207699
duplicates	0.9032962962962966	3838112,5178712
duplicates	0.9077533423716344	83117,1630965,4312528,6211606
duplicates	0.8381807580174927	1223845,4457061,5646296
duplicates	0.6574561903407454	1256231,1256346,1316186,1318912,1342183,1342338,1342652,1343034,1343309,1343765,1345775,1368513,1368619,1481532,1491811,1499310,1499478,1500031,1680672,1805691,1836354,1904185,1904328,1954449,1955013,2180650,2211218,2228467,2231269,2232333,2234668,4166304,4168204,4168883,4175643,4177123,4184321,4192384,4192489,4201951,4203420,5660850,5662574,5663038,5669712,5671008,5685298,5694051,5695408
duplicates	0.8006559766763856	1844008,3837954,3988808,4044591,5349716,5462684
duplicates	0.8424211248285322	3900478,5228757
duplicates	0.8390469454357627	4047390,5467690
duplicates	0.9302586113810606	492426,2243837,5594805
duplicates	0.9302586113810603	3999514,5381327
duplicates	0.955230681470351	4595924,6596390
duplicates	0.7702546296296295	128487,199402,1843010,1878065,4033776,5417457
duplicates	0.7702546296296295	517326,1730225,4389422
duplicates	0.955230681470351	4224754,5716552
duplicates	0.8573749999999999	96072,5388324
duplicates	0.9032962962962966	4135770,5622821
duplicates	0.9032962962962966	4131603,5618917
duplicates	0.7563347050754461	3956822,4763915,5274338
duplicates	0.7189218026620371	49086,665582,1222076
duplicates	0.6385245198902605	5065554,5071485,5072026
duplicates	0.9302586113810603	1183955,5594296
duplicates	0.6333773070429459	106700,150045,178370,255893,299940,299941,304893,304894,306146,431627,460426,461066,461077,461733,512030,605608,679721,698043,727935,827975,827976,827977,868610,875186,875187,963711,970810,1019965,1038682,1038683,1038684,1155299,1650493,1702191,1778726,2039027,2039028,2088902,2088903,2088904,2120169,2171135,2178705,2179805,2179806,2179826,2180950,2181434,2189943,2192369,2194273,2199686,2202168,2206817,2212495,2212734,2216703,2216704,2216845,2339670,2340013,2372692,3914954,3914955,3914958,3917775,3917778,3944266,3984197,3988436,4052098,4052117,4059275,4110161,4110162,4110163,4116219,4318078,4318079,4318080,4318081,4318082
duplicates	0.9302586113810606	1320412,4186792,5679887
duplicates	0.6927508813773224	279181,288282,611368,1113075,1134138,1786950,2206174
duplicates	0.8470036413290857	3992643,4332608,5356720,6232713
duplicates	0.9302586113810603	4309551,6202788
duplicates	0.9032962962962966	71151,5416484
duplicates	0.8801359953703705	3842075,5182641
duplicates	0.6098773651512002	18298,35391,57256,61695,113302,119466,122087,122404,203695,265671,316681,443024,449653,486323,510412,540693,591782,753230,948101,958748,1104756,1108861,1108963,1113445,1113644,1114076,1114146,1120958,1121495,1126016,1130090,1131631,1137016,1139088,1139385,1158080,1158199,1171901,1397842,1402713,1408989,1412072,1412560,1416464,1418958,1419965,1446845,1446846,1446847,1446904,1446912,1802540,1807844,1840229,1845880,1902911,1916399,1943961,2082441,2169890,2190973,2201472,2244662,3990381,3993275,3993278,4005181,4005186,4005188,4005191,4007134,4040813,4040820,4040828,4169349,4176379,4186899,4194493,4207917,4397268
duplicates	0.8424211248285322	3994944,4137131,5364179,5624027
duplicates	0.9302586113810606	4011639,5402846
duplicates	0.8573749999999999	4242465,6072138
duplicates	0.955230681470351	187627,4752691
duplicates	0.9032962962962963	1839988,1839995,4185135,5678544
duplicates	0.9302586113810606	1898488,3919430,5244843
duplicates	0.8521114574411932	4164812,5659851
duplicates	0.8025237581405319	838735,1209395
duplicates	0.9302586113810603	641474,2189729
duplicates	0.9045263864083688	2161438,3961110,5276962
duplicates	0.8573749999999999	1038265,4151900
duplicates	0.9473795098396504	4349021,6249985
duplicates	0.8130370370370371	865367,941837
duplicates	0.8643962345985898	946666,2061824,4198905,4963820,5691139
duplicates	0.9673939151055443	4096680,5538166
duplicates	0.7373155096614389	2037091,4046888,4055545,4709594,5467060,5495160
duplicates	0.9494480233236152	682387,2301092,4377181,6277538
duplicates	0.9139250154235998	583168,2213586,4205642,4652602,5697429
duplicates	0.6509629629629633	4965598,4965984
duplicates	0.909695752574533	458196,1863457,4898631,6176395
duplicates	0.8771956771080159	4151148,5642478
duplicates	0.9032962962962966	840562,4129000
duplicates	0.8801359953703705	4309270,6202607
duplicates	0.7245092529086008	4797872,4906004,4906005,4906006,4906007
duplicates	0.8424211248285322	558165,1810048,4349480,6250408
duplicates	0.754208179504038	507441,1893143,1898483
duplicates	0.8573749999999999	200860,1805944
duplicates	0.9077533423716344	3904646,5232129
duplicates	0.7101067839669507	1086106,1086107,1086108,1086110
duplicates	0.955230681470351	4591073,6310669
duplicates	0.823974609375	1893866,4343085,6244605
duplicates	0.9032962962962966	798046,5383118
duplicates	0.9032962962962966	1215361,2367407,5638493
duplicates	0.8130370370370368	4083216,5526832
duplicates	0.955230681470351	4221272,5713856
duplicates	0.9302586113810606	1235107,1235108,2369684,5707215
duplicates	0.9032962962962966	4256212,6122224
duplicates	0.9302586113810603	823541,5558447
duplicates	0.909695752574533	1192655,2364792,4451386,5600580
duplicates	0.7702546296296295	36246,4161951
duplicates	0.8771956771080159	54391,1890857
duplicates	0.8424211248285322	466783,1904570
duplicates	0.9302586113810603	3853205,5193370
duplicates	0.6509629629629633	5185481,5292519,5510194,6203060,6205326,6205338,6209447,6235242
duplicates	0.6954238281144544	810851,824197,1147192,1185831,1185869
duplicates	0.9159338373350026	3867551,5204079
duplicates	0.9348038408779151	383531,5025458
duplicates	0.7047289969380577	521609,1119840,1120355,1124508,1895478,1915746,4155110
duplicates	0.7895101149233382	5493817,5493818,5493820
duplicates	0.759798828125	4006724,5240274,5394401
duplicates	0.9302586113810606	470624,4310023,6203262
duplicates	0.8573750000000002	1370215,1491255
duplicates	0.9302586113810603	3857011,5195752
duplicates	0.7151234724822823	957200,985775,1044867,1207921,2331073
duplicates	0.8573749999999999	398205,1421689,4314483
duplicates	0.6674283718254296	455115,457516,590235,646592,750496,1766746,2022786,2247286,4107179,4187524,4316484
duplicates	0.911446289142763	1342684,4192521,5685381
duplicates	0.9032962962962966	4859092,4859093
duplicates	0.8801359953703705	4000985,5385411
duplicates	0.9077533423716344	1331010,4279313
duplicates	0.9302586113810603	1163359,5586341
duplicates	0.8573749999999999	4035222,5419145
duplicates	0.9268593750000003	1787560,4111514,5564892
duplicates	0.9302586113810606	1189144,2363935,5598615
duplicates	0.9077533423716344	3871407,5207667
duplicates	0.9159338373350026	77204,1800447
duplicates	0.9302586113810606	958010,1951118,4198996,5691245
duplicates	0.9077533423716344	1280016,1280129,1280176,1280245,3858460,3858542,5197444,5197445
duplicates	0.9302586113810606	1679157,4054608,5486996
duplicates	0.9032962962962966	1075183,4230802,5816560
duplicates	0.9473795098396504	1299660,3986254,5305559
duplicates	0.9302586113810606	4942639,6217346
duplicates	0.9077533423716344	1250876,3858739,5197628
duplicates	0.7244151078158655	526494,532626,581897,586222,1069846,1809061,1810803,4332839,4332840
duplicates	0.9302586113810603	408242,2356717
duplicates	0.9302586113810606	746649,1678289
duplicates	0.9302586113810606	545699,1884668,4336175,6237790
duplicates	0.7089369212962959	44716,70100,294632,1405208,2206569,3945462,5266300
duplicates	0.9302586113810606	3975325,5293944
duplicates	0.8424211248285318	4314187,6213191
duplicates	0.8573749999999999	372979,2229957,4354601
duplicates	0.669921875	5037177,5037178,5124897,5128832
duplicates	0.9025112763840092	1160354,4445184,5585159
duplicates	0.8521114574411925	430624,475121
duplicates	0.8573749999999999	556317,1288782,4278060
duplicates	0.6688362978121545	42516,51917,1153415,1892565,1897765,3922884,3923152,4039561,5247788,5248030
duplicates	0.9302586113810606	1231278,1549861,5647496
duplicates	0.8573749999999999	679620,2255487,4320352
duplicates	0.8801359953703705	3942193,5263308
duplicates	0.9673939151055443	4091018,5550161
duplicates	0.8424211248285322	1253205,1492551,4165731,4171433
duplicates	0.8573749999999999	1512913,3894859,5224294
duplicates	0.7357708547668034	1719027,3999149,4663160,5380140
duplicates	0.9105034137460176	2065921,4354742,6255593
duplicates	0.8771956771080159	2190296,4116702
duplicates	0.8424211248285322	3864030,5201453
duplicates	0.9302586113810603	3856667,5196209
duplicates	0.8424211248285322	330158,470318,1944478,3992814,4195281,4502770,4628130,5357166,5687715
duplicates	0.6611640746897711	30260,32464,90157,119266,122036,122135,128800,140552,422087,458398,472614,478403,1556724,2275817,2275926,2279455,2279511,2279569,2280372
duplicates	0.9302586113810603	1089639,5492960
duplicates	0.7040435740680304	4459211,4463669,4463693,4472091,5307684,5312810,5312834,5325766
duplicates	0.8801359953703705	292224,292227
duplicates	0.7702546296296295	933013,1923697
duplicates	0.8573749999999999	294787,1458007
duplicates	0.7702546296296295	744247,1773004,4322900
duplicates	0.9473795098396504	4246973,6108477
duplicates	0.8573749999999999	327428,2120799,5296027
duplicates	0.9139250154236002	212720,1811718,3849268,4727261,5189614
duplicates	0.8573749999999999	1146862,2315641
duplicates	0.9473795098396504	4091839,5533921
duplicates	0.8025237581405319	836608,970331
duplicates	0.9032962962962963	947398,4811136
duplicates	0.7942464863976332	1493242,1493529,3950692,5269938
duplicates	0.9348038408779151	726943,1653118
duplicates	0.8801359953703705	3929856,5253435
duplicates	0.823974609375	346676,1812609,4412888
duplicates	0.8424211248285322	707836,707837
duplicates	0.6509629629629633	4658597,4694849
duplicates	0.33489797668038374	4521938,4521940,4521944,4521945,4521946,4521947,4521948,4521949,4521950,4521951,4521952,4521953,4521954,4521955,4521956,4521957,4521958,4521959,4521960,4521961,4521962,4523415,4523416,4523417,4523418,4523419,4523423,4684942,5453301,5455690
duplicates	0.9032962962962966	4137633,5625296
duplicates	0.8424211248285322	167639,1917179,5186342
duplicates	0.8470036413290857	4088599,5531566
duplicates	0.8390469454357627	3880869,3880876,5214622,5214623
duplicates	0.8876116293893321	153680,2257601
duplicates	0.9473795098396504	4217925,5711316
duplicates	0.955230681470351	813923,1786590
duplicates	0.8521114574411925	3894492,4233448,5818947
duplicates	0.9302586113810603	650344,5474595
duplicates	0.9077533423716344	2304976,3832266,3832268
duplicates	0.9673939151055443	164259,3920457
duplicates	0.9457135439088623	35749,1830321,1891133,3943368,4704818
duplicates	0.9302586113810606	2279020,4334110,6234334
duplicates	0.9025112763840089	455547,4627960,5356993
duplicates	0.9159338373350026	4272937,6143329
duplicates	0.754208179504038	1116220,1122151,1132597,1429696,1433017
duplicates	0.9473795098396504	4258071,6123642
duplicates	0.7702546296296295	5067112,5070201
duplicates	0.7071314800901582	4949177,4949178,4949179
duplicates	0.817886151755322	4088143,4234551,5530530,5819886
duplicates	0.8801359953703705	326414,879807,1696157,2197361
duplicates	0.9302586113810603	485512,556656
duplicates	0.7914531250000004	3951155,5270239
duplicates	0.8025237581405319	3913289,5239563
duplicates	0.8130370370370371	653389,838381
duplicates	0.8661128500377284	1841635,4185434,5678800
duplicates	0.8771956771080159	4088158,5530546
duplicates	0.5787037037037038	4489110,4489295,4489300
duplicates	0.8801359953703708	1344802,4278324,6154034
duplicates	0.6512863067766175	572895,3970918,4449806,4449809,4449810,4449812,4663664,4664411,4728439,4856561,4856563,4856564,5283462,5283647,5301888,5465496,5596890,5596894,5596895,5596899
duplicates	0.9032962962962966	803567,1781555,5703256
duplicates	0.8470036413290857	4088242,5531476
duplicates	0.6144006594927451	132064,154925,154928,240557,319726,350239,568059,1015738,1069878,1089167,1089168,1094011,1097981,1181537,1658735,1729377,1731123,1775515,1788372,1802580,1860755,2175743,2191344,2192011,2322973,4167450,4178754,4185175,4194065,4203635
duplicates	0.9302586113810603	3857138,5195829
duplicates	0.7963996927628583	245465,450043,1210952,1904784,3992857,4502807,4628171,4636803,5357245
duplicates	0.8130370370370371	783561,4310025,6203264
duplicates	0.754208179504038	937958,938155,938679
duplicates	0.9302586113810603	480540,530685
duplicates	0.9302586113810606	1960712,3974717,5293292
duplicates	0.9302586113810603	3838670,5179125
duplicates	0.9032962962962963	1294211,1294912,1294979,1294980,1294981,5226674
duplicates	0.9302586113810603	840943,2266329
duplicates	0.7914531250000001	273749,2205704,3986128
duplicates	0.754208179504038	292759,1106196,1118496
duplicates	0.8361771395247118	27336,1107347,1427846
duplicates	0.8390469454357627	996597,2104303
duplicates	0.9302586113810603	1115077,1790262
duplicates	0.9708756436061546	4145336,4753981,5632053
duplicates	0.9077533423716344	1655755,4156432,5649427
duplicates	0.955230681470351	108202,1820483,3846913,5187073
duplicates	0.8130370370370371	4305061,6190721
duplicates	0.7357708547668041	801574,4658570
duplicates	0.8986321249999999	72375,1793737,4164406,5659118
duplicates	0.9348038408779151	777794,4425859
duplicates	0.9302586113810606	3856372,5195343
duplicates	0.9302586113810603	253984,5362402
duplicates	0.9077533423716344	1336132,3875451,3875641,3875750,3875985
duplicates	0.9302586113810603	1184897,2313279,4710109,5597574
duplicates	0.8381807580174929	901427,5460821
duplicates	0.7326880200072353	4488618,4488746,4488848,4488849,5343448,5343577,5343679,5343680
duplicates	0.9302586113810606	1060259,1786320,5560452
duplicates	0.9032962962962966	1228561,1548994
duplicates	0.9302586113810603	653391,5475271
duplicates	0.847003641329085	4133556,5620844
duplicates	0.7521317433464536	358507,907910,1047826,4341663
duplicates	0.8130370370370371	732485,819728
duplicates	0.8130370370370371	54116,1407036,5258206
duplicates	0.9032962962962966	397885,1966567,5302481
duplicates	0.8232083590124137	1817217,3911047,3911050,3911052,5237212,5237213,5237214
duplicates	0.8521114574411932	1288214,4332051
duplicates	0.8573749999999999	745696,1772995,4322899
duplicates	0.9032962962962966	4956198,4972400
duplicates	0.9159338373350026	1260103,1379505
duplicates	0.9032962962962966	4051288,5473681
duplicates	0.9302586113810603	1168999,1169057
duplicates	0.789510114923338	503448,562004,562513,569399,2193647,2212732
duplicates	0.8801359953703705	5150444,5150445
duplicates	0.8801359953703705	3942509,5262911
duplicates	0.9032962962962966	21788,2257922
duplicates	0.8006559766763849	76424,4087243,5530130
duplicates	0.9302586113810603	4132216,5619407
duplicates	0.3255801094526626	4507500,4507501,4507502,4507503,4507504,4507505,4507506,4507507,4507508,4507509,4507510,4507511,4507512,4507513,4507514,4507516,4507517,4507518,4507519,4507520,4507521,4507522,4507523,4507524,4507525,4507526,4507527,4507528,4508960,4508961,4508962,4508963,4508964,4508965,4508966,4508967,4508968,4508969
duplicates	0.8801359953703705	3942341,5263463
duplicates	0.6661010370370375	203473,268773,392547,392549,392550,392552,510945,973894,2146502,2195839
duplicates	0.9387930410879629	886623,4027782,5410897
duplicates	0.7363388713563286	1233428,4834153,5479365,5658871
duplicates	0.6797735106136016	3977298,4696583,4946753,4946754,5295862,5479574,6213547
duplicates	0.9032962962962966	4298138,6178583
duplicates	0.8329961495116454	91173,1801429,4869474
duplicates	0.7250018370863535	60591,452053,1159816,5420874,5571763
duplicates	0.789510114923338	163719,259475,1895235,4903405
duplicates	0.9159338373350026	147186,4275375
duplicates	0.7101067839669515	76076,76739,82000,1837259,2234896
duplicates	0.8771956771080153	397507,2334934
duplicates	0.8381807580174929	482881,6068727
duplicates	0.8878115569272977	1784278,4109227,5557053
duplicates	0.6587282722588242	497098,645206,677543,677544,1007271,1010555,1133872,1433289,1763530,1808068,2105690,4314566
duplicates	0.5909259956307629	213573,213609,213868,214558,215988,441243,452379,452998,452999,453003,460791,460793,462090,463791,464253,467594,469188,469550,469597,469598,469599,472003,472006,474980,474987,477078,477442,484915,486718,488878,490161,505342,505813,510497,511255,515730,516000,516001,1806458,1806938,1807235,1807384,1807397,1807452,1824433,1824998,1825286,1825513,1825568,1825615,1825816,1826674,1843807,1844195,1844220,1844447,1844803,1844872,1845225,1845751,1845915,1846031,1864285,1881478,1881483,1881502,1882299,1882493,1882625,1905516,1931840,1957660,1958336,4014013,4347401,4347411,4347415,4347491,4347492,4347493,4347593,4347609,4347610,4347611,4347612,4347613,4347728,4347729,4348421,4348422,4348423,4348424,4348425,4348468,4348470,4348491,4348818,6248741,6248742,6249440
duplicates	0.6836869668502321	144650,179756,267059,348523,503858,535146,585095,1808499,1848104,1860242,1865637,2174217,2217925
duplicates	0.7702546296296295	1724089,4123729,5607979
duplicates	0.8876116293893321	4030210,5413601
duplicates	0.6064713468995924	4463423,4463424,4463425,4463426,4463427,4476027,4480274,4484388,4485091,4485707,4619249,4976458,4976462,4981384,4981403,5312563,5312564,5312565,5312566,5312567,5330743,5335094,5339218,5339921,5340537,5392704,5425764,5425768,5433657,5433674
duplicates	0.7023319615912207	4985449,4985450,5005088,5005091
duplicates	0.8801359953703705	26241,1811659
duplicates	0.9302586113810603	1372544,4069196
duplicates	0.8801359953703708	1726659,1726660,4201011,4201036,5693228
duplicates	0.9302586113810603	367372,5362173
duplicates	0.9268593749999999	4059958,5501172
duplicates	0.8801359953703705	44743,45461
duplicates	0.9302586113810606	3869655,5206336
duplicates	0.9032962962962966	1197360,4128042,5613600
duplicates	0.8573749999999999	4626123,4626219,5354303,5354433
duplicates	0.8801359953703708	956192,4048766,5469519
duplicates	0.9302586113810603	568269,1259796
duplicates	0.7895101149233382	482882,545925,1827649
duplicates	0.9302586113810603	431725,5446944
duplicates	0.9302586113810603	1086243,5483012
duplicates	0.9077533423716344	4147116,5633678
duplicates	0.9302586113810603	724670,1724709
duplicates	0.8424211248285322	571652,1133868
duplicates	0.754208179504038	284373,1104226,1862369,4331039,4331040,6230942,6230943
duplicates	0.9302586113810606	44597,4310957,6207061
duplicates	0.7400125522013814	746687,847931,1210321,1766459,2046236,4209855,4455092,4879419,5636676,5701449
duplicates	0.9302586113810606	827995,1785257,4109622,5558071
duplicates	0.9302586113810603	4031876,5415332
duplicates	0.9473795098396504	3919185,5244585
duplicates	0.9302586113810606	664125,2362639,4321737,6220867
duplicates	0.8573749999999999	4622414,5686593
duplicates	0.8876116293893321	1467597,4975801
duplicates	0.7740803906836965	4474104,4474105,4474106,5328230,5328231,5328232
duplicates	0.9302586113810606	4361372,6262215
duplicates	0.6640795661246595	315251,324113,326671,603547,605111,784537,784538,1544593
duplicates	0.8801359953703705	3996226,5369758
duplicates	0.8801359953703701	716430,1724432,4357377,6258374
duplicates	0.8021389776972822	1280265,1280278,1280307,1542551,3883202,3883232,3883273,4788537,5216322,5216323,5216324
duplicates	0.8130370370370371	653853,1050655
duplicates	0.7803013033549694	4942017,4942018
duplicates	0.8424211248285322	4120489,5599465
duplicates	0.9302586113810606	1513148,3905893,5232983
duplicates	0.9302586113810603	1540118,1540139,4014945,5407163
duplicates	0.7702546296296295	300523,950816,1457723,1951036
duplicates	0.9302586113810603	783542,4427305
duplicates	0.8418806493585994	1498081,3906502,3906694,3906804,3906900,4291616,5233604,5233605,5233606,5233607,6169758
duplicates	0.9302586113810606	3855743,5195287
duplicates	0.955230681470351	4479152,5333966
duplicates	0.8401360778165518	1259832,3946368,4779407,5267038
duplicates	0.8424211248285322	1954060,3867932,5204695
duplicates	0.8521114574411932	4164606,5659459
duplicates	0.8025237581405319	834192,836337
duplicates	0.9032962962962966	3883065,5216161
duplicates	0.48505830903790065	5069419,5069838,5069942,5069950,5069954,5070076,5070077,5070099,5070144,5070180,5070386,5070413
duplicates	0.9673939151055443	182574,1410804,3847776,5188020
duplicates	0.8025237581405319	323670,3926428
duplicates	0.9302586113810603	239661,6150639
duplicates	0.9473795098396504	1281680,1281837,5618304
duplicates	0.9302586113810606	441341,4370206,6270532
duplicates	0.8801359953703705	117325,1839516,4185000,5678413
duplicates	0.3553964120370366	4451852,4452098,4452125,4452129,4452743,4453376,4453412,4453613,4453889,4453892,4454592,4454659,4454662,4454709,4951277,4951278,4951279,4951304,4951350,4951380,4951388,4951423,4951428,4951429,4951444,4951454
duplicates	0.8801359953703705	3929870,5253610
duplicates	0.9032962962962966	1159496,4689577,5075887
duplicates	0.9302586113810603	426697,5445852
duplicates	0.8573749999999999	4621458,5396720
duplicates	0.37215769494527334	4420671,4685507,4685737,4685875,4686455,4686573,4813424,4813515,4816869,5463064,5463069,5463437,5463446,5463448,5463461,5464012,5464018,5464020
duplicates	0.909695752574533	1195603,2365255,4451970,5604241
duplicates	0.8424211248285318	730108,5480254
duplicates	0.6631682036268347	4480728,4495391,4501192,4618843,4636739,4636742,4977536,5335549,5369907,5369910,5391993,5427896
duplicates	0.9032962962962966	4084202,5527406
duplicates	0.7117802478134106	5125942,5126022,5126024
duplicates	0.7326880200072353	4490920,4491011,4491012,4491086,5345759,5345850,5345851,5345925
duplicates	0.8521114574411932	4164873,5659584
duplicates	0.8533995426674129	456479,603208,4114996
duplicates	0.9077533423716344	1331072,4279345
duplicates	0.6699218749999998	5168580,5168581,5168665,5168666,5168667
duplicates	0.7740803906836965	4484137,4485141,5338966,5339971
duplicates	0.6189085931986109	1214069,1214072,1214075,1214091,1214098,1214099,1214100,1214104,1214117,1214119,1214123,1214125,1214127,1214128,1214137,1214140,1214141,1214142,1214147,1214158,1214748,1214753,1214761
duplicates	0.7702546296296298	4655291,4655292
duplicates	0.7290000000000006	699080,1115927,1144587,2284554,2291270
duplicates	0.8801359953703705	172795,4148081,5634622
duplicates	0.911446289142763	1342706,4192543,5685368
duplicates	0.955230681470351	4853814,6244027
duplicates	0.8424211248285322	3997452,5374895
duplicates	0.7702546296296301	281812,629558,630617,2351958,2351985
duplicates	0.9302586113810603	1098794,5573975
duplicates	0.9032962962962966	18248,4245564
duplicates	0.9473795098396504	4288253,6165621
duplicates	0.8030271182083316	199692,249759,2251472,4409168
duplicates	0.6160282786066444	227562,422794,529900,693485,739138,817875,926780,956336,1021773,1038940,1047541,1236582,1769753,1905663,1924347,1925642,2119727,2165932,2250236,2341526,4033861,4044800,4181802,4208786,4209841
duplicates	0.9032962962962966	480307,2322862
duplicates	0.9302586113810606	564072,2213469
duplicates	0.7702546296296301	263196,587956,596722,1906652,4508246,4635086,5367496
duplicates	0.8424211248285318	95231,4421554
duplicates	0.823974609375	640266,4263623,6130292
duplicates	0.6509629629629633	4674778,4674780
duplicates	0.8623986689020985	580166,1932975,3973591,4905692
duplicates	0.8801359953703708	3869513,4404071,5206241
duplicates	0.5990149038028773	4473535,4482437,4486941,4487409,4490617,4491365,4491605,4491892,4492612,4493360,4494930,4497793,4499176,4500536,4617957,4621917,4623983,4974447,4976854,4982176,4984244,5327656,5337263,5341771,5342239,5345455,5346204,5346445,5346733,5347454,5390395,5397437,5400758,5422001,5426138,5434389,5438798,6223995,6223996,6223997
duplicates	0.9473795098396504	606900,1417154
duplicates	0.8130370370370371	4304626,6189973
duplicates	0.9348038408779151	795391,4431546
duplicates	0.9167113702623909	92761,1876463,4004000,4500306,4617456,5389591
duplicates	0.7605997403867232	166097,658285,1109396,4623037
duplicates	0.9302586113810603	545065,2213326
duplicates	0.8771956771080159	3855023,5193873
duplicates	0.8573749999999999	45482,1873440
duplicates	0.8573749999999999	333324,1492474,4280604
duplicates	0.3680879629629625	5114916,5115198,5115267,5115322,5115533,5115649,5115873,5116543,5116979,5117149,5117336,5117397,5117463,5117775,5118840
duplicates	0.9032962962962963	1215185,2367356,4455507,5638410
duplicates	0.8025237581405319	1564527,1629220
duplicates	0.9032962962962966	924847,1648019,4013573
duplicates	0.9302586113810603	338939,5372758
duplicates	0.9302586113810606	3996861,5372278
duplicates	0.9302586113810603	1053727,5561242
duplicates	0.9302586113810603	956445,1036172,2343488,5486403
duplicates	0.8122037227489556	1347449,3892752,5223277
duplicates	0.9302586113810603	3862686,5200321
duplicates	0.8771956771080159	4087755,5530574
duplicates	0.8164579457596473	502993,4882229,4882230
duplicates	0.735329921385749	173153,588953,588956,589371,590960,1410227,1416280,1416281,1416352,1979106
duplicates	0.9473795098396504	3879900,5214294
duplicates	0.955230681470351	1066658,5185602
duplicates	0.578703703703704	5154759,5154760,5154761,5154762,5154763,5154764,5154765,5154766,5154767
duplicates	0.9025112763840092	2268603,4213160,5704857
duplicates	0.9302586113810603	1069533,5564004
duplicates	0.31575499406111684	5553496,5553965,5554350,5554536,5554645,5554675,5554698,5554699,5554700,5554780,5554781,5556384,5556385,5556386,5556387,5556388,5556389,5556390,5556391,5556396,5556397,5556412,5556413,5556414,5556415,5556416,5556701,5556702,5556754,5556755,5556848,5556849,5556852,5557664,5557747,5557841,5557951,5558024,5558067,5558082,5558083,5558092,5558093,5558094,5558095,5558271,5559207,5559208,5559209,5559214,5559295,5559296,5559297,5559298,5559299,5559300,5559301,5559309,5559314,5559668,5559669,5559670,5559671,5559672,5559673,5559674,5559741,5559755
duplicates	0.5624985200202561	4485262,4485415,4485721,4485722,4485723,4485724,4485725,4485726,4485727,4485728,4485730,4485731,4485732,4485733,4485734,4485735,4485736,4485737,4485739,4485741,4485742,4485743,4485744,4485745,4485746,4485747,4485748,4485749,4485750,4485751,4486012,4486013,4486014,4486015,4486016,4486017,4486018,4486019,4486020,4486021,4486022,4486023,4486024,4486025,4486026,4486027,4486028,4486029,4486030,4486031,4486032,4486033,4486034,4486035,4486036,4486037,4486038,4486039,4486040,4486041,4486042,4486043,5340092,5340245,5340551,5340552,5340553,5340554,5340555,5340556,5340557,5340558,5340560,5340561,5340562,5340563,5340564,5340565,5340566,5340567,5340569,5340571,5340572,5340573,5340574,5340575,5340576,5340577,5340578,5340579,5340580,5340581,5340842,5340843,5340844,5340845,5340846,5340847,5340848,5340849,5340850,5340851,5340852,5340853,5340854,5340855,5340856,5340857,5340858,5340859,5340860,5340861,5340862,5340863,5340864,5340865,5340866,5340867,5340868,5340869,5340870,5340871,5340872,5340873
duplicates	0.7171694753483596	4462387,4462397,4462429,4463198,5311261,5311271,5311303,5312338
duplicates	0.8768600583090377	1310083,4032321,5416125
duplicates	0.8801359953703701	369932,2198938,3977863,5296497
duplicates	0.9032962962962963	853461,2016847,4181329,5674789
duplicates	0.9032962962962966	4710918,5606136
duplicates	0.8130370370370371	399862,431004,2024077,2088864,4355091
duplicates	0.849196597517878	1242577,3863186,5200802
duplicates	0.7803013033549694	4092690,5534639
duplicates	0.789510114923338	3841145,3841146,5181089,5181090
duplicates	0.9302586113810603	1297095,1298279,4180231,5673784
duplicates	0.8381807580174929	6382505,6384415
duplicates	0.9032962962962966	1294465,5226345
duplicates	0.8130370370370368	897006,1791443,1963277,4010968,4681699,4959688,5401898,5452853
duplicates	0.5305042651981425	4819315,4969528,4969530
duplicates	0.9159338373350026	1260133,1379424
duplicates	0.9302586113810603	516872,2251190
duplicates	0.7878933711634089	1616560,5178108,5178109
duplicates	0.9473795098396504	3919179,5244579
duplicates	0.8876116293893321	382038,2356145
duplicates	0.9302586113810603	1373061,4069677
duplicates	0.7023319615912207	456517,706383,868173,958934,1882156,2020126,2059254,2246981
duplicates	0.8228227345054574	5350373,5350382
duplicates	0.9045263864083688	2161458,3961129,5276982
duplicates	0.8130370370370371	730918,1076863
duplicates	0.8165066072046981	188496,1793371,1917586,3911367,5237531
duplicates	0.860386853223594	30551,1357398,3831462,4615941
duplicates	0.9302586113810606	986271,2360900,4321516,4687888,6220626
duplicates	0.8801359953703705	4089532,5531947
duplicates	0.8424211248285322	263444,610442,1906932,4508354,4635207,5367635
duplicates	0.9045263864083685	45485,3945032,5265819
duplicates	0.8381807580174929	837047,1042174
duplicates	0.8801359953703705	1014840,2361655,4321164,6220283
duplicates	0.8424211248285318	5023906,5165984
duplicates	0.823974609375	1822547,3874925,5210640
duplicates	0.7521317433464536	6203944,6543830,6595946,6604180
duplicates	0.45062962962962916	4423212,4423638,4423639,4424163,4424463,4424464,4427591,4427592
duplicates	0.9032962962962966	4084337,5527549
duplicates	0.8573749999999999	139779,2181372,4176572
duplicates	0.9032962962962966	4137396,5624266
duplicates	0.8801359953703705	4089308,5531733
duplicates	0.8424211248285322	1120500,1134997
duplicates	0.9302586113810603	332907,5376073
duplicates	0.9077533423716344	3904273,5232075
duplicates	0.8876116293893321	50829,516339
duplicates	0.909695752574533	1038861,1676913,4666716,6162276
duplicates	0.9473795098396504	3885139,5217526
duplicates	0.7397732260075297	1499328,1499588,1680480,1836564,1901414,1928979
duplicates	0.9302586113810603	1455206,6309819
duplicates	0.9032962962962966	339648,4412727
duplicates	0.8390469454357627	1895913,4233261
duplicates	0.9077533423716344	3916881,5242615
duplicates	0.8876116293893321	485510,1864194,4347460,6248492
duplicates	0.955230681470351	4584712,6289696
duplicates	0.9302586113810606	103210,4369637,6269978
duplicates	0.9302586113810603	1176816,5589618
duplicates	0.7702546296296295	5066336,5068587
duplicates	0.8638375985314766	122919,1956159,4027283,5409965
duplicates	0.7674269722901019	1346116,1369408,1636390,4012187,4045945,5403476,5465941
duplicates	0.8470036413290857	3906129,5233073
duplicates	0.7502316946759792	593623,1220011,1959062,3978006,5296700,5640856
duplicates	0.656218503400702	673066,714361,722062,758623,1000048,1031801,1036800,1054478,1146813,2165048,2167757,4059644,4332817,4332818,4332819,4332820
duplicates	0.8424211248285318	4335998,6237619
duplicates	0.8801359953703705	30847,1543710
duplicates	0.7914531250000001	1054135,5312291
duplicates	0.8801359953703705	288837,2209622,4341188,6242847
duplicates	0.8390469454357627	89052,482532
duplicates	0.816152118089299	3947332,3947348,4802110,5267852,5267853
duplicates	0.7702546296296295	5023532,5166414
duplicates	0.8768600583090383	3930073,5253670
duplicates	0.8573749999999999	330639,2217494,3975047
duplicates	0.6854606877323852	245635,245639,395980,1077807,1152868,2195061,2199406,2205059,2262270,3926018,3927603
duplicates	0.7914531250000001	71029,5437094,5440005
duplicates	0.8130370370370371	332715,990391
duplicates	0.9302586113810606	472520,4348613,6249583
duplicates	0.9302586113810603	4384168,6603684
duplicates	0.8573749999999999	4257746,6123398
duplicates	0.9302586113810606	4345507,6246761
duplicates	0.9032962962962966	1294162,5226605
duplicates	0.831846925278048	1849909,4164063,5657615
duplicates	0.7018775738794621	125352,155311,753057,4618275,4622261,4980322,5390941,5397995,5431350,5571481
duplicates	0.8025237581405319	993385,1049564
duplicates	0.7055690776172023	4720967,4720969,4720970,4720972,4721008,4721010,4721011,4721023,4721619,4721621,4721636,4721637,4721663,4721665,4721668,4721672,4721680,4721683,4753447
duplicates	0.9032962962962966	711434,1754906
duplicates	0.8130370370370371	403447,1144342
duplicates	0.654643264617828	646684,646686,695679,699900,718447,723559,750494,754022,805684,807378,1011111,1011196,1096489,1912966,1951998,1952820,1953138,1969835,1972169,4107872
duplicates	0.9387930410879629	604347,4014131,5406219
duplicates	0.9032962962962966	4137563,5625252
duplicates	0.8876116293893321	211331,4727196
duplicates	0.8801359953703705	3842508,5182211
duplicates	0.8424211248285322	36445,4496411,4979218
duplicates	0.847003641329085	1512517,3894621
duplicates	0.762354644021326	727335,768099,1724927,1774129,4062417,4160557,4433335,5504409,5653130
duplicates	0.754208179504038	1050856,1166395,1212614
duplicates	0.9032962962962966	4137424,5624831
duplicates	0.955230681470351	4490194,5345030
duplicates	0.9302586113810603	887236,5449056
duplicates	0.9032962962962966	964107,5286813
duplicates	0.8801359953703705	436110,5303943
duplicates	0.7895101149233382	959365,1060322,1786244,5559962
duplicates	0.9302586113810603	1335988,3938315,3938398,5260333
duplicates	0.6426088861427192	186457,189705,325168,540471,544618,1051847,1052938,1105590,1117856,1119545,1129437,1131348,1135795,1427486,1432356,1432765,1433685,1469735,2268897
duplicates	0.9077533423716344	3968701,3969544,5282347,5282348
duplicates	0.9159338373350026	3872435,5208353
duplicates	0.9302586113810606	877437,6213094
duplicates	0.9302586113810603	693642,1754287
duplicates	0.9302586113810603	4117753,5586645
duplicates	0.8801359953703705	3942173,5263288
duplicates	0.9032962962962966	974960,1783827
duplicates	0.9139250154235998	340285,2207679,4051515,4954666,5473937
duplicates	0.9302586113810606	4377981,6278521
duplicates	0.9577521865889215	890105,2134997,5683893
duplicates	0.9139250154235998	250155,2307926,4145908,4899465,5632610
duplicates	0.8801359953703708	2003400,3975473,5294060
duplicates	0.8533995426674129	168784,2279798,3946058
duplicates	0.955230681470351	680485,1424308,4047393,5467694
duplicates	0.6699218749999992	5821267,5821271,5822551,6114827,6114870,6114926
duplicates	0.955230681470351	890720,1997567
duplicates	0.9302586113810603	105330,1969539
duplicates	0.9302586113810606	3855872,5195218
duplicates	0.8801359953703705	687587,5483695
duplicates	0.6485430287795109	1287854,1491834,1491835,1806834,1806837,1806838,1806874,1806923,1807285,1824910,1824915,1824940,1844253,1863181,1863182,1863210,1863214,1863266,1881931,1881932,1881938,1881950,1881963,1881964,1881965,1882284
duplicates	0.9032962962962966	187135,2082954
duplicates	0.9032962962962966	562696,4278068,6153790
duplicates	0.3446924311658412	4841009,4841010,4841011,4841012,4841017,4841018,4841022,4841023,4841026,4841027,4841028,4841030,4841031,4841033,4841042,4841043
duplicates	0.7593933858560064	61549,1065803,1835680,3910690,5236883
duplicates	0.9302586113810603	1166329,5587867
duplicates	0.8006559766763852	1899628,4235140,5820533
duplicates	0.8390469454357624	4487108,4487109,5341938,5341939
duplicates	0.8573749999999999	148701,2212035,4203586
duplicates	0.9302586113810603	416100,5443609
duplicates	0.9302586113810603	367812,478070
duplicates	0.8381807580174929	3881572,5215065
duplicates	0.8130370370370368	1484818,4983637,5437811
duplicates	0.9302586113810606	3948799,5268589
duplicates	0.9302586113810606	4092241,5534135
duplicates	0.9302586113810603	840705,879188
duplicates	0.789510114923338	376583,376584,2363370,2363371,5303324,5303325
duplicates	0.8801359953703708	3869291,5206059
duplicates	0.9302586113810603	3892100,5222746
duplicates	0.6046801901361073	425145,428181,485634,706372,851217,991869,1017676,1021810,1143127,1143128,1143129,1238634,1559220,1563625,1579942,1620885,1629305,1754750,1985541,1995856,2025323,2148178,2181902,2209861,2328787,2328802,4172417,4172552,4177864,4189282,4209538,4831804,5565289,5666552,5666564,5666684,5671535,5682333,5701101,5708880,6197290,6313778
duplicates	0.9302586113810603	1217454,5640112
duplicates	0.9302586113810606	3998589,5378791
duplicates	0.68924537037037	260484,374264,497900,542911,977588,1808081,1846748,2116061,2229960
duplicates	0.6892453703703698	704011,754266,755381,757895,792921,1225510,1702379,1767118,5479169,5503176,5645518
duplicates	0.8381807580174929	5721652,5721847
duplicates	0.8771956771080159	3854544,5194372
duplicates	0.7542081795040372	1089641,1089642,1089643,1089644
duplicates	0.8361771395247125	1357930,3900856,5228706
duplicates	0.6670259631309526	4463569,4463570,4463571,4463572,4463573,4466690,5312709,5312710,5312711,5312712,5312713,5316416
duplicates	0.9302586113810603	4243791,6074654
duplicates	0.7702546296296295	5171497,5171540,5171578
duplicates	0.9032962962962966	6599889,6602763
duplicates	0.7357708547668034	1719028,3999148,4663159,5380139
duplicates	0.9348038408779151	586408,4804566
duplicates	0.8801359953703708	1942429,4005491,4005493,5392229,5392230
duplicates	0.8801359953703705	3842388,5182332
duplicates	0.7101067839669507	1123535,1138801,1138932,1139151
duplicates	0.9302586113810606	1253231,4165756,5660404
duplicates	0.9302586113810603	687480,5484723
duplicates	0.8424211248285322	1094580,1094618
duplicates	0.7914531250000004	5301041,5409264
duplicates	0.8771956771080159	139538,4664329
duplicates	0.6462016718928911	430910,430937,614051,1967528,2269094,2282785,2295117,2295119
duplicates	0.8643962345985895	473082,1807483,4349792,4873662,6250719
duplicates	0.9032962962962966	84334,2220631
duplicates	0.7702546296296295	5163150,5163237
duplicates	0.6622250225843275	1256308,1256411,1316374,1316474,1318745,1342570,1343339,1343842,1343911,1368439,1368601,1680610,1681144,1707548,1875110,1875171,1901531,1901563,1901659,1901935,1904229,1954383,1954818,1955085,2040335,2040479,2040513,2040627,2064268,2170013,2170019,2180581,2211151,2211446,2228395,2228901,2231498,2231561,2234604,2234859,3918401,4166364,4166540,4166603,4166631,4168228,4175265,4184189,4184263,4192728,4192732,4193010,4202022,4202059,4202101,4202180,4203402,5660910,5661123,5661167,5661168,5662597,5669294,5677582,5685554,5685626,5685862,5694109,5694116,5694173,5694234,5695427
duplicates	0.9159338373350026	3870810,5207088
duplicates	0.8122037227489556	36662,588251,1542903
duplicates	0.8771956771080159	4087958,5530873
duplicates	0.8801359953703705	985361,2360868,4321506,6220615
duplicates	0.5862476063443621	16514,17006,17023,17395,17533,17677,17755,17856,18180,18251,18732,18749,18819,20832,21023,21075,21698,22176,23023,27380,27401,30263,41965,43480,44623,45429,45587,46351,47496,47511,47727,47927,49274,51575,52085,52663,54367,54369,54408,57560,58603,72010,78649,84083,88124,88125,89072,89085,89471,89526,89636,89697,89776,90731,93360,94188,97688,98364,98937,99369,102697,102839,102977,104371,105519,109467,110321,118977,118978,119039,121435,121793,121794,121795,121798,121799,121801,121802,124511,124512,125802,125942,126191,126196,126224,126599,126661,126777,127111,127507,127616,127654,127656,127658,127661,127664,127666,127667,127669,127720,128223,128374,128902,129343,129365,129367,129913,130156,130176,130178,130180,130184,130185,131079,131275,131284,131918,133088,133350,133351,133618,133718,133806,133808,133810,133811,133813,133815,133821,133822,133824,133825,133827,133848,133852,134034,134240,134422,134443,134474,134475,134531,134535,134538,135449,136640,137014,137165,137169,138395,138487,138490,138492,138871,138893,139299,139694,140231,140233,140440,140510,140512,141114,141118,141653,142198,142386,142387,142388,142558,142559,142804,143102,143204,143599,143721,144161,144178,144179,144180,144182,144188,144191,144193,144194,144195,144196,144197,144198,144199,144200,144293,144338,144339,144363,144402,144499,145047,145050,145054,145060,145061,145063,145064,145290,145292,145383,146012,146013,146087,146145,146240,146336,146562,146662,147672,147830,147831,147930,147933,148109,148459,148460,148725,148977,149886,150526,150557,150651,150652,150890,150972,151464,151512,151513,152128,152130,152329,153319,153620,154141,154143,154312,154944,155193,155478,156752,157062,157107,157482,157695,157800,158754,158784,158788,159068,159327,159781,160042,160149,160277,160278,160283,160408,160510,160586,160648,160924,161455,161771,162017,162034,162074,162643,162644,163437,163471,163473,163608,165154,167029,169468,170086,170425,172274,172312,172857,174289,174638,175288,177520,177938,178585,178644,178894,178895,178896,179677,179678,179763,179790,179792,179835,180002,180634,180643,180689,180690,180761,181277,181770,182443,182695,182744,182865,186072,186227,186999,187108,189238,190780,192768,192987,192988,192990,193043,193045,193069,193896,194556,194558,194559,194560,194563,194564,194797,194798,194799,194801,195761,197208,197611,197613,197618,197619,197655,198069,198083,198181,198192,198201,199820,199823,200286,201254,205671,207975,210687,211665,241756,241758,241759,242249,242252,242253,242644,245166,245973,247421,247422,248097,248801,262931,266468,302022,304821,304822,318554,318555,384276,440173,443351,444008,444010,444466,446861,455152,460448,460498,460501,460503,460811,460814,460817,464869,484423,490505,493390,498259,500398,505779,519068,520467,520468,520473,520475,520476,520483,520484,523233,523568,524331,525391,526778,526802,528687,528703,530128,531937,532668,533987,534096,534229,535104,537675,539325,539735,539736,539858,540092,540621,542105,542107,542544,548908,548925,549015,550137,551063,551160,552176,552292,553539,554036,554039,554040,554525,555097,555402,556128,556174,560504,561576,562542,563720,563893,564248,564468,564831,566551,566945,566946,570679,570855,573121,573361,577079,581574,584237,585682,586457,589290,593913,596925,596926,596927,596928,596929,596930,597158,597800,597801,597802,597803,600965,601933,601978,601982,601988,602274,603428,604308,604728,604733,604784,604792,605268,605326,605383,605432,605483,605493,605923,606092,606118,606129,606755,606756,606757,606758,606864,607100,607536,607899,607934,607940,608022,608063,608065,608565,609035,609063,609114,609910,609928,610001,610002,610003,610005,610006,610009,610010,610012,610013,610014,610026,610027,610028,610029,610030,610031,610032,610033,610034,610035,610036,610038,610043,610045,610046,610047,610070,610072,610073,610074,610075,610077,610081,610082,610083,610187,610188,610192,610194,610195,610197,610198,610199,610201,610205,610206,610212,610213,610216,610217,610218,610219,610222,610223,610225,610245,610246,610247,610248,610250,610251,610253,610255,610256,610257,610319,610321,610323,610324,610325,610326,610327,610328,610330,610335,610336,610338,610339,610341,610343,610345,610346,610347,610348,610354,610599,610600,610602,610603,610605,610606,610607,610608,610610,610611,610612,610613,610614,610616,610617,610618,610619,610620,610621,610623,610624,610625,610626,610628,610630,610631,610632,610633,610636,610637,610639,610641,610643,610646,610647,610649,610650,610652,610653,610654,610656,610658,610659,610661,610662,610663,610664,610665,610666,610667,610668,610669,610675,610676,610677,610678,610679,610680,610681,610682,610683,610685,610686,610687,610696,610697,610698,610700,610701,610791,610792,610793,610795,610796,610797,610798,610799,610800,610801,610802,610803,610804,610805,610806,610808,610827,610829,610830,610831,610832,610871,610961,610999,611001,611002,611003,611004,611005,611006,611007,611008,611009,611052,611109,611117,611243,611273,611274,611275,611276,611278,611279,611294,611296,611297,611299,611301,611321,611322,611325,611328,611334,611335,611337,611339,611340,611344,611346,611347,611349,611353,611354,611355,611356,611357,611358,611359,611360,611361,611362,611363,611364,611365,611424,611428,611548,611638,611650,611651,611652,611653,611654,611655,611658,611661,611662,611663,611699,611852,611854,611856,611892,611930,611934,611936,611937,611938,611940,611941,611942,611943,611945,611947,611949,611950,611952,611954,611989,612012,612013,612015,612016,612017,612018,612019,612021,612022,612023,612024,612025,612070,612161,612162,612163,612282,612283,612284,612285,612286,612287,612288,612289,612290,612294,612295,612433,612434,612437,612440,612472,612473,612474,612475,612476,612477,612478,612479,612480,612481,612483,612484,612485,612486,612488,612493,612495,612497,612498,612499,612500,612501,612503,612504,612505,612507,612537,612570,612633,612671,612677,612678,612679,612681,612689,612706,612708,612710,612712,612714,612928,612929,612930,612931,612932,612933,612934,612935,612937,612938,612939,612940,612941,612942,612943,612997,613127,613128,613157,613168,613180,613181,613182,613183,613185,613186,613187,613188,613189,613190,613191,613192,613193,613194,613353,613354,613355,613357,613359,613362,613363,613365,613366,613369,613371,613372,613373,613374,613375,613454,613456,613457,613458,613459,613460,613770,613771,613773,613774,613775,613776,613777,613779,613780,613781,613782,613783,613784,613785,613786,613787,613788,613790,613791,613792,613794,613795,613797,613798,613799,613800,613801,613802,613803,613804,613805,613807,613808,613809,613811,613812,613813,613814,613815,613816,613817,613818,613819,613820,613821,613824,613827,613829,613830,613832,613834,613835,613837,613838,613839,613840,613841,613842,613844,613845,613847,613848,613849,613855,613856,613884,613885,613887,613888,613889,613890,613891,613892,613893,613894,613895,613896,613897,613898,613899,613901,613902,613904,613905,613906,613907,613908,613909,613912,613913,613914,613915,613916,613917,613918,613919,613921,613925,613928,613929,613930,613932,613934,613935,613937,613938,613943,613944,613947,613948,613950,613951,613952,613954,613955,613957,613958,613959,613960,613961,613962,613969,613970,613971,613972,613974,613975,613976,613981,613982,613984,613986,613988,613989,613991,613992,613994,613995,613997,613998,614000,614001,614004,614005,614006,614007,614008,614009,614011,614017,614018,614019,614020,614021,614023,614024,614025,614026,614028,614029,614031,614033,614034,614036,614037,614038,614039,614040,614057,614077,614078,614079,614081,614082,614084,614085,614086,614088,614089,614090,614091,614092,614093,614094,614095,614097,614098,614099,614100,614101,614103,614104,614105,614107,614108,614109,614111,614113,614114,614115,614118,614119,614121,614123,614125,614128,614131,614134,614135,614136,614141,614142,614144,614147,614148,614149,614155,614157,614158,614161,614162,614163,614164,614166,614167,614168,614170,614171,614172,614173,614176,614178,614180,614181,614182,614184,614185,614186,614187,614189,614190,614191,614192,614193,614194,614195,614201,614202,614203,614206,614208,614210,614211,614212,614215,614216,614218,614220,614221,614222,614223,614225,614226,614227,614228,614229,614232,614233,614255,614258,614260,614261,614262,614266,614512,614513,614515,614516,614517,614518,614519,614521,614522,614523,614526,614528,614538,614539,614540,614542,614543,614544,614546,614547,614548,614554,614556,614557,614558,614561,614563,614564,614571,614572,614574,614575,614576,614596,614602,614604,614607,614608,614609,614610,614611,614612,614613,614618,614622,614624,614625,614627,614629,614630,614631,614632,614633,614634,614635,614636,614637,614638,614640,614641,614642,614643,614645,614646,614647,614651,614653,614654,614657,614662,614663,614665,614666,614668,614670,614672,614673,614674,614676,614677,614679,614681,614682,614683,614684,614685,614702,614742,614743,614744,614745,614746,614747,614748,614750,614752,614754,614755,614757,614758,614760,614762,614763,614788,614974,614976,614977,614978,614980,614988,614992,614993,614994,614996,614997,614999,615000,615001,615002,615004,615005,615008,615010,615012,615018,615020,615021,615022,615024,615025,615027,615029,615030,615031,615032,615033,615034,615035,615036,615037,615038,615039,615040,615041,615042,615043,615045,615046,615050,615052,615054,615058,615059,615060,615061,615117,615118,615121,615124,615128,615133,615136,615137,615138,615140,615142,615143,615144,615145,615146,615147,615148,615149,615150,615151,615152,615167,615171,615174,615176,615178,615181,615182,615184,615185,615187,615209,615212,615217,615218,615219,615220,615221,615222,615223,615224,615225,615226,615229,615343,615346,615347,615349,615350,615353,615355,615356,615358,615359,615361,615362,615364,615366,615367,615368,615369,615370,615371,615372,615373,615374,615376,615378,615379,615380,615381,615382,615383,615386,615388,615389,615390,615391,615392,615393,615394,615396,615397,615403,615404,615405,615509,615512,615514,615515,615516,615518,615520,615525,615526,615527,615528,615530,615532,615533,615534,615537,615538,615540,615542,615545,615547,615548,615549,615553,615555,615556,615558,615560,615562,615563,615564,615565,615566,615568,615570,615571,615572,615573,615574,615575,615576,615577,615578,615687,615689,615693,615816,615842,615848,615849,615884,615905,615909,615968,616092,616206,616208,616209,616210,616211,616212,616213,616218,616221,616222,616225,616229,616231,616233,616234,616235,616236,616237,616238,616239,616240,616242,616243,616244,616245,616247,616248,616249,616270,616271,616273,616274,616276,616277,616278,616279,616280,616281,616284,616285,616287,616290,616293,616294,616296,616297,616298,616299,616300,616302,616305,616306,616307,616315,616318,616319,616322,616324,616326,616327,616329,616331,616333,616334,616335,616336,616338,616339,616341,616342,616343,616344,616345,616347,616348,616349,616350,616352,616354,616355,616360,616361,616362,616363,616366,616367,616368,616370,616373,616376,616380,616383,616384,616385,616386,616388,616512,616516,616518,616520,616521,616523,616530,616531,616532,616533,616534,616535,616536,616537,616538,616539,616540,616541,616542,616543,616545,616549,616550,616617,616619,616620,616622,616623,616624,616625,616626,616627,616628,616629,616630,616633,616636,616637,616646,616648,616649,616650,616651,616652,616653,616654,616655,616656,616657,616658,616659,616660,616661,616664,616665,616666,616667,616679,616680,616682,616683,616684,616692,616693,616694,616696,616697,616698,616699,616701,616702,616703,616704,616706,616707,616709,616710,616711,616734,616736,616741,616749,616870,616873,616888,616889,616893,616895,616896,616897,616899,616901,616902,616905,616907,616928,616932,616933,616934,616935,616936,616937,616940,616941,616942,616944,616945,616948,616949,616950,616951,616953,616954,616955,616956,616957,616958,616960,616968,616969,616970,616971,616972,616973,616974,616975,616976,617048,617058,617060,617061,617062,617063,617064,617065,617066,617067,617081,617082,617083,617084,617087,617088,617089,617090,617092,617122,617124,617133,617134,617136,617137,617138,617139,617140,617141,617142,617143,617144,617145,617146,617159,617160,617161,617163,617164,617165,617166,617169,617179,617181,617204,617205,617208,617209,617212,617213,617215,617217,617218,617220,617221,617226,617228,617232,617234,617235,617236,617237,617238,617239,617240,617241,617242,617244,617336,617337,617508,617509,617510,617681,617682,617683,617684,617685,617686,617687,617688,617690,617693,617694,617696,617700,617701,617702,617703,617705,617706,617707,617708,617710,617711,617712,617713,617714,617715,617716,617717,617719,617876,617886,617887,617939,617947,618042,618068,618069,618070,618072,618073,618079,618080,618082,618083,618085,618087,618089,618090,618091,618093,618094,618095,618098,618100,618104,618105,618106,618107,618108,618109,618110,618111,618115,618116,618119,618120,618123,618125,618127,618128,618130,618131,618133,618134,618135,618136,618140,618141,618142,618144,618146,618149,618150,618152,618154,618157,618158,618160,618162,618165,618169,618170,618172,618173,618178,618181,618182,618183,618185,618188,618203,618205,618211,618213,618249,618250,618251,618252,618253,618255,618257,618258,618328,618329,618330,618332,618335,618337,618339,618341,618342,618356,618357,618358,618359,618384,618388,618390,618391,618394,618397,618399,618401,618403,618404,618406,618408,618413,618418,618548,618586,618589,618591,618593,618600,618601,618602,618603,618604,618605,618608,618609,618610,618612,618613,618615,618616,618617,618618,618619,618620,618621,618622,618902,618905,618908,618910,618911,618912,618913,618914,618915,618916,618917,618918,618920,618922,618925,618927,618929,618930,618932,618934,618936,618937,618946,618949,618951,618952,618955,619003,619011,619012,619014,619015,619016,619017,619018,619019,619020,619021,619022,619023,619024,619025,620614,620616,620617,620621,620622,620624,620627,620630,620632,620633,620641,620642,620643,620644,620645,620647,620648,620649,620650,620651,620652,620653,620679,620680,620682,620684,620685,620686,620688,620689,620811,620836,620841,620850,620851,620854,620855,620856,620857,620859,620860,620864,620983,620984,620988,620990,620991,620998,620999,621000,621003,621005,621006,621007,621009,621011,621012,621013,621015,621016,621017,621018,621019,621020,621021,621022,621024,621025,621026,621027,621028,621030,621032,621033,621034,621035,621132,621134,621136,621137,621139,621140,621142,621143,621144,621147,621148,621149,621154,621155,621157,621167,621169,621171,621172,621175,621177,621191,621194,621195,621197,621200,621202,621203,621412,621493,621494,621495,621498,621499,621501,621502,621504,621505,621506,621508,621509,621511,621512,621513,621515,621517,621518,621519,621520,621522,621523,621524,621525,621526,621527,621529,621531,621532,621544,621545,621547,621549,621569,621570,621571,621573,621574,621583,621584,621585,621586,621588,621590,621593,621596,621597,621599,621768,621900,621942,622108,622110,622113,622114,622115,622117,622118,622119,622121,622126,622128,622129,622130,622134,622135,622136,622137,622139,622140,622142,622146,622148,622153,622190,622192,622193,622194,622195,622196,622197,622198,622199,622200,622201,622202,622204,622206,622208,622210,622212,622277,622361,622362,622374,622382,622386,622458,622460,622462,622475,622477,622479,622485,622716,622776,622777,622778,622779,622782,622785,622849,622850,622852,622854,622859,622861,622862,622963,623008,623174,623175,623176,626004,626235,626236,626240,626250,626254,626683,626854,627375,628676,628773,628802,628884,629614,629678,668772,680125,700298,733328,741221,759236,763414,763415,822899,822900,822905,823016,826663,842774,895514,915264,918491,918526,1000990,1012762,1012952,1013096,1035635,1065219,1065601,1065602,1065615,1065616,1065617,1065629,1065650,1065652,1065653,1065859,1066679,1067021,1067087,1067097,1067099,1067102,1067220,1067222,1067223,1067278,1067279,1067280,1067282,1067294,1067322,1067323,1067324,1067325,1067326,1067367,1067368,1067804,1067805,1067966,1067967,1067969,1067970,1067971,1067973,1067974,1068076,1068077,1068079,1068094,1068515,1068516,1068569,1068845,1068847,1068871,1068872,1068873,1068965,1068974,1069075,1071619,1074458,1087020,1087021,1087022,1087023,1087024,1087025,1087026,1087027,1087028,1087029,1087030,1087031,1087032,1087033,1087034,1087035,1087036,1087037,1087038,1087039,1087040,1087041,1087042,1087043,1087044,1087045,1087046,1087047,1087048,1087049,1087050,1087051,1087052,1087053,1087054,1087055,1087056,1087057,1087058,1087059,1087060,1087061,1087062,1087063,1087064,1087065,1087066,1087067,1087068,1087069,1087070,1087071,1087072,1087073,1087074,1087076,1087077,1087078,1087079,1087080,1087081,1087082,1087083,1087084,1087085,1087086,1087087,1087088,1087089,1087090,1087091,1087092,1087093,1087094,1087095,1087096,1087097,1087098,1087099,1087100,1087101,1087102,1087103,1087104,1087105,1087106,1087107,1087108,1087109,1087110,1087111,1087112,1087113,1087114,1087115,1087116,1087117,1087118,1087119,1087120,1087121,1087122,1087123,1087124,1087125,1087126,1087127,1087128,1087129,1087130,1087131,1087132,1087133,1087134,1087135,1087136,1087137,1087138,1087139,1087140,1087141,1087142,1087143,1087144,1087145,1087146,1087147,1087148,1087149,1087150,1087151,1087152,1087153,1087154,1087155,1087156,1087157,1087158,1087159,1087161,1087162,1087163,1087164,1087165,1087166,1087167,1087168,1087169,1087170,1087171,1087172,1087173,1087174,1087175,1087176,1087177,1087178,1087179,1087180,1087181,1087182,1087183,1087184,1087185,1087186,1087187,1087188,1087189,1087190,1087191,1087192,1087193,1087194,1087195,1087196,1087197,1087198,1087199,1087200,1087201,1087202,1087203,1087204,1087205,1087206,1087207,1087208,1087209,1087210,1087211,1087212,1087213,1087214,1087215,1087216,1087217,1087218,1087219,1087220,1087221,1087222,1087223,1087224,1087225,1087226,1087227,1087228,1087229,1087230,1087231,1087232,1087233,1087234,1087235,1087236,1087237,1087238,1087239,1087240,1087241,1087242,1087243,1087244,1087245,1087246,1087247,1087248,1087249,1087250,1087251,1087252,1087253,1087254,1087255,1087256,1087257,1087258,1087259,1087260,1087261,1087262,1087263,1087264,1087265,1087266,1087267,1087268,1087269,1087270,1087271,1087272,1087273,1087274,1087275,1087276,1087277,1087278,1087279,1087280,1087281,1087282,1087283,1087284,1087285,1087286,1087287,1087288,1087289,1087290,1087291,1087292,1087293,1087294,1087295,1087296,1087297,1087298,1087299,1087300,1087301,1087302,1087303,1087304,1087305,1087306,1087307,1087308,1087309,1087310,1087311,1087312,1087313,1087314,1087315,1087316,1087317,1087318,1087319,1087320,1087321,1087322,1087323,1087324,1087325,1087326,1087327,1087328,1087329,1087330,1087331,1087332,1087333,1087334,1087335,1087336,1087337,1087338,1087339,1087340,1087341,1096931,1097254,1113233,1153925,1154472,1154486,1154494,1154508,1154586,1154587,1154591,1154594,1158269,1159717,1160548,1160767,1160811,1164379,1164399,1174935,1177892,1186761,1186765,1198327,1237345,1237349,1237350,1237351,1237354,1237355,1237382,1879653,1982835,2039631,4117457,4203713,4306273,4306274,4338162,4413417
duplicates	0.9302586113810606	931218,2359495,4682700
duplicates	0.7878933711634089	3937806,4305348,6191107
duplicates	0.6268429143338252	427448,606360,806164,849291,879095,1096037,1098992,1116408,1152729,1196293,1196481,1215723,1458790,1922692,1949977,1976019,2072682,2172713,2309657,2313515,2313729,2343631,4355693
duplicates	0.955230681470351	4983472,5437518
duplicates	0.8361771395247125	1357819,3900751,5228583
duplicates	0.754208179504038	66290,121355,400412,494192,1845341,2233404,4355123
duplicates	0.3249511718750006	4519212,4519218,4519219,4519220,4519221,4519222,4519223,4519224,4519225,4519226,4519227,4519228,4519229,4519230,4519231,4519232,4519233,4519234,4519235,4519236,4519237,4519238,4519239,4519240,4519241,4519242,4519243,4519244,4519245,4519246,4519247,4519248,4519249,4519250,4519251,4520814,4649097,5448784,5448790
duplicates	0.9032962962962966	935628,2036848,4236950,6067165
duplicates	0.9077533423716344	3964856,5279875
duplicates	0.9473795098396504	1552990,4154186,5646167
duplicates	0.8876116293893321	132629,985662
duplicates	0.8801359953703708	253498,4351751,6252635
duplicates	0.8573749999999999	4231955,5817728
duplicates	0.8025237581405319	4476057,4476273,5330773,5330989
duplicates	0.9302586113810603	4383602,6596179
duplicates	0.8876116293893321	638559,4361300
duplicates	0.3430000000000001	4651466,4826878,4826884,4826903,4827552,4827553,4827554,4827555,4827556,4827665,4827668,4827669,4827670,4827672,4827780,4827781,4827782,4827783,4827948,4828099
duplicates	0.9077533423716344	4147217,5633005
duplicates	0.5764048108154193	4440888,4440895,4440897,4440900,4444384,4444394,4452613,4452747,4565488,4570249,4573370,4576867,4579454,4591355,4613387,5048225,5080690,5574887,5574894,5574896,5574899,5583867,5584298,5605268,5605514,5814080,6137300,6150185,6194191,6204707,6311037
duplicates	0.9302586113810606	2024349,3960078,5275893
duplicates	0.955230681470351	4575347,6175282
duplicates	0.31728613091926644	4532040,4532041,4532042,4532043,4532044,4532045,4532046,4532047,4532048,4532049,4532050,4532051,4532052,4532053,4532054,4532055,4532056,4532057,4532058,4532059,4532060,4532061,4532062,4532063,4532064,4532065,4532066,4532067,4532068,4532069,4532070,4532071,4532072,4532074,4532075,4532076,4532077,4532078,4532079,4532080,4532081,4532082,4532083,4532084,4532085,4533348,4533359,4533370,6119284,6119285,6119286,6119287,6119288,6119289,6119290,6119291,6119292,6119293,6119294,6119295,6119296,6119297,6119298,6119299,6119300,6119301,6119302,6119303,6119304,6119305,6119306,6119307,6119308,6119309,6119310,6119311,6119312,6119313,6119314,6119316,6119317,6119318,6119319,6119320,6119321,6119322,6119323,6119324,6119325,6119326,6119327,6120527,6120538,6120549
duplicates	0.8801359953703708	4496371,4979086,5430505
duplicates	0.8390469454357624	4490991,4490993,5345830,5345832
duplicates	0.9077533423716344	4093203,5535054
duplicates	0.8573749999999999	884203,2037549,4189811
duplicates	0.8130370370370371	288516,617365,4509425,4636625
duplicates	0.9032962962962966	2184698,4179410,5673060
duplicates	0.8521114574411925	55738,114106
duplicates	0.9077533423716344	3871532,5207365
duplicates	0.8956321681095709	1654607,1654829,4090262,4090392,4090405,4090488,4654673,5532941
duplicates	0.827135633848739	566755,584673,1847486,1867178,3981354,3984057,4856045,4856046,5299932,5303378
duplicates	0.8361771395247125	4087842,4793184,5530666
duplicates	0.9225450636704511	179362,1842274,1894357,3848527,5188826
duplicates	0.9302586113810606	4309325,6202654
duplicates	0.6836869668502321	66922,139678,461959,1152888,1928697,1942993,2327946,2327947
duplicates	0.9302586113810606	141738,1821761,4311594
duplicates	0.8130370370370371	73010,771373,1837010,2285297
duplicates	0.8424211248285322	4405129,4405130
duplicates	0.8801359953703708	4493282,4974344,5421924
duplicates	0.9159338373350026	4048337,5469063
duplicates	0.7282938327904696	56236,133264,1534065,3929500,4145798,5253207,5632506
duplicates	0.8350098379629629	1499847,1523341
duplicates	0.5449624672558028	2170351,2170420,2170448,2170543,2170567,2181063,2181090,2181191,2181265,2181313,2191180,2191204,2201786,2201822,2201848,2201872,2201896,2211804,2211851,2211874,2212162
duplicates	0.8130370370370368	67994,77048,1857057,1874868
duplicates	0.8381807580174929	642488,5465615
duplicates	0.955230681470351	142290,4723079
duplicates	0.8390469454357624	4478540,4478570,5333350,5333380
duplicates	0.8573749999999999	1930609,4009870
duplicates	0.5787037037037038	5157563,5157564,5157565,5157568
duplicates	0.8876116293893321	171817,4777097
duplicates	0.9077533423716344	4135793,5622850
duplicates	0.32764412374433105	4506417,4506418,4506419,4506420,4506421,4506422,4506423,4506424,4506425,4506426,4506427,4506428,4506430,4506431,4506432,4506433,4506434,4506435,4506437,4506438,4506439,4506440,4506441,4506442,4506443,4506444,4506445,4506446,4506447,4507992,4507993,4507994,4507995,4507996,4507997,4507999,4508000,4508001,5364297
duplicates	0.5305042651981425	4826174,4826293,4826553
duplicates	0.7203558217930027	56183,295293,3935104,4718973,4887458,5257938,5671122
duplicates	0.9302586113810603	426692,5447471
duplicates	0.955230681470351	4485871,5340701
duplicates	0.6275071358119882	811077,1061191,4434095,4436668,4439872,4440585,5561831,5570245,5574142
duplicates	0.9032962962962966	573540,5239831
duplicates	0.8801359953703708	709062,709589,1169666
duplicates	0.9302586113810606	352537,4353987,6254876
duplicates	0.9077533423716344	3968721,5282302
duplicates	0.7298212541473977	321031,503699,854607,1962800,3988331,3998705
duplicates	0.8390469454357624	1199374,1891290,4113193,5571577
duplicates	0.955230681470351	287854,4803430
duplicates	0.9302586113810603	3988213,5349110
duplicates	0.7702546296296298	1242578,1242580,1242593,3863187,4702212,4779648,5200785
