duplicates	0.642166285968444	459830,489283,531086,541810,655005,1014986,1016659,1046873,1458804,1865803,2105065,2133551,2663804,2672030,2686072
duplicates	0.955230681470351	1011357,2089238
duplicates	0.9302586113810603	461674,523735
duplicates	0.8533995426674131	826230,828250,1786302,2763933,2768421,2769232
duplicates	0.9025112763840092	1369949,2578543,3996877
duplicates	0.8424211248285322	2732813,4083456
duplicates	0.8228227345054574	33555,50568,2275986,2474466
duplicates	0.955230681470351	2435651,3901214
duplicates	0.8801359953703705	394262,842563
duplicates	0.9302586113810606	1632087,2611260,4013550
duplicates	0.870603919846858	37287,1891052,2089718,2459536,3929490
duplicates	0.9302586113810606	447957,1824839,3333167,4260405
duplicates	0.7914531249999999	618713,1893964,1957511,2612494,4014175
duplicates	0.9077533423716344	1370146,1370159,2489767,3970958
duplicates	0.8801359953703705	2467813,3940051
duplicates	0.9302586113810606	112536,4411771
duplicates	0.9032962962962966	328483,1753983
duplicates	0.9302586113810606	2436249,3901967
duplicates	0.8876116293893321	2619379,4030571
duplicates	0.9302586113810603	188156,1842570
duplicates	0.7542081795040377	740009,740837,2341683,3407175
duplicates	0.9787241253644315	1785409,2764599,4109800
duplicates	0.9302586113810606	2388919,3842106
duplicates	0.8801359953703705	773117,2256243
duplicates	0.7702546296296301	390367,390414,2458360,2505034,2505035,3928029
duplicates	0.9032962962962966	375015,3401238
duplicates	0.9302586113810606	2460363,3930561
duplicates	0.9302586113810603	661884,2561777
duplicates	0.9268593750000003	1797753,3897468,3897509
duplicates	0.6726599719252786	946618,984287,991819,1098204,2882334,2915283
duplicates	0.8876116293893321	2620004,4030462
duplicates	0.9473795098396504	2420167,3880122
duplicates	0.9302586113810606	3403405,4307594
duplicates	0.7740803906836959	34991,699810
duplicates	0.9473795098396504	2420249,3880019
duplicates	0.8030271182083316	469563,1840342,2603318,4008256
duplicates	0.8390469454357627	411264,2243125
duplicates	0.789510114923338	672767,1043775
duplicates	0.8470036413290857	2041737,4156935
duplicates	0.8271683058641872	134927,1044216,2446749,2539042,3914146
duplicates	0.8876116293893321	623467,2495630
duplicates	0.8876116293893321	755933,2631075
duplicates	0.695423828114453	1186606,1186607,1186639,1186640,1186641,1186644,1186645,1186648,1186661,1186662,1186664,1186665,1186666,1186687,2802646,2802647,2802655,2802656,2802657,2802659,2802660,2802662,2802666,2802667,2802669,2802670,2802671,2802686
duplicates	0.9302586113810606	2401626,3856203
duplicates	0.8361771395247125	191637,1842665,2395195,2778514,3052156,3848445
duplicates	0.9077533423716344	1872687,4053958
duplicates	0.8948279489105935	1930799,2885131,4185617
duplicates	0.955230681470351	1022551,1830383
duplicates	0.9302586113810603	2402893,3856874
duplicates	0.7895101149233382	105441,467430,1820396
duplicates	0.8573749999999999	1512857,2430903,3894807
duplicates	0.955230681470351	3365418,4283363
duplicates	0.8801359953703708	1916291,2433849,3899142
duplicates	0.9302586113810606	878702,1749674
duplicates	0.9032962962962966	944581,2021186
duplicates	0.9077533423716344	50145,1189065
duplicates	0.8801359953703705	2390423,3843698
duplicates	0.8801359953703705	1215129,1215136,2844523,2844527
duplicates	0.6609314319127996	24778,24779,24780,24781,24782,24858,24861,24862,24864,24865,34460,35381,422850,566733,1415613,4261973
duplicates	0.8424211248285322	3345429,4270620
duplicates	0.7112409295815723	973257,1138264,1834299,2320791
duplicates	0.9077533423716344	2591561,4000793
duplicates	0.9302586113810606	1492281,1492302,2692632,4054236
duplicates	0.9473795098396504	1316572,1316612,1316615,2387368,3840782
duplicates	0.8801359953703701	866510,2358199,2358234
duplicates	0.955230681470351	1082431,2683095
duplicates	0.9045263864083688	1948563,2442364,3909594
duplicates	0.9045263864083688	2161516,2483325,3961183
duplicates	0.9387930410879629	2171019,2869358,4168985
duplicates	0.9302586113810603	271644,2321722
duplicates	0.8521114574411932	2442167,3909389
duplicates	0.7878933711634089	2242248,3444331,4336624
duplicates	0.8033682236182799	205761,252441,2302945,2554467,3986889
duplicates	0.9302586113810603	1372614,1373643,2719101,4069264
duplicates	0.9302586113810606	1372990,2719233,4069607
duplicates	0.8122037227489561	2406607,3862533,4403950
duplicates	0.9387930410879629	1073119,2770991,4111462
duplicates	0.9302586113810606	282890,1444691,2840512,4147699
duplicates	0.9302586113810603	2743815,4096129
duplicates	0.9159338373350026	2865265,4164397
duplicates	0.8768600583090383	2418858,3877561
duplicates	0.8801359953703708	1490252,2424721,3886046
duplicates	0.9302586113810606	1372735,2718970,4069378
duplicates	0.9159338373350026	2411365,3868144
duplicates	0.7823210641399421	1542092,2725093,4075080
duplicates	0.8876116293893321	2619651,4030036
duplicates	0.9025112763840089	25026,2465556,3937006
duplicates	0.9302586113810606	1149459,2261586,2785694
duplicates	0.9302586113810603	3277371,4241579
duplicates	0.8228227345054581	1344484,3915911
duplicates	0.8801359953703705	669408,995338,1722304,2132864
duplicates	0.7115327007783658	925624,1042755,1049867,1056680
duplicates	0.9302586113810606	2460361,3930559
duplicates	0.9268593749999996	1523078,2414427,3872099
duplicates	0.9302586113810603	2904295,4206404
duplicates	0.9302586113810606	1252783,1252827,1252848,1381860,4099320,4104898
duplicates	0.9032962962962966	1674834,2673504,4047069
duplicates	0.9302586113810606	715464,1724276
duplicates	0.8424211248285322	559556,733811,1559125
duplicates	0.9708756436061546	435882,3398281,4305999
duplicates	0.7646514414677142	2252383,2396379,3849592
duplicates	0.9387930410879629	602622,2423362,3884254
duplicates	0.8876116293893321	2619486,4030669
duplicates	0.7895101149233382	584239,886199,1945894,2507112,3982177
duplicates	0.9032962962962966	1125461,3398396,4306059
duplicates	0.9673939151055443	2652736,4042334
duplicates	0.9302586113810606	1895808,3866878,3866904
duplicates	0.9032962962962966	705597,2751087,2753600
duplicates	0.667765475772506	159933,187332,2396628,3403469,4307625
duplicates	0.9302586113810606	1658021,2504416,3979909
duplicates	0.9032962962962966	2382209,3834876
duplicates	0.955230681470351	1050317,2200676
duplicates	0.8876116293893321	623749,2495957
duplicates	0.7914531250000001	955966,2178992
duplicates	0.8876116293893321	2619696,4030105
duplicates	0.8424211248285322	252013,976796,2195256,2324610,2887213,4187993
duplicates	0.9032962962962966	94703,3368850,4285401
duplicates	0.8876116293893321	1796519,1796565,2470001,3942845
duplicates	0.8768600583090383	2418871,3877565
duplicates	0.8878115569272977	1240700,2720700,4070123
duplicates	0.9302586113810603	2467526,3939601
duplicates	0.8470036413290857	2424254,3885570
duplicates	0.9159338373350026	215916,1824532
duplicates	0.8424211248285322	267778,562689,1847391,2215782
duplicates	0.9387930410879629	465593,3478065,4371653
duplicates	0.9473795098396504	2485940,3964778
duplicates	0.8801359953703708	1490268,2424705,3886062
duplicates	0.9473795098396504	2488765,2488766,3968652,3969594
duplicates	0.9473795098396504	1365029,1365041,2408340,3864659
duplicates	0.7406327610409243	358801,769300,865278,2711226
duplicates	0.8424211248285322	897045,2465330,3936741
duplicates	0.8390469454357627	3331572,4259494
duplicates	0.9302586113810603	156090,815523
duplicates	0.8573749999999999	1512876,2430922,3894826
duplicates	0.9352725708579281	707124,1724108,1763675,2685903,4053223
duplicates	0.8878115569272977	1240836,2720411,4070252
duplicates	0.9032962962962966	879897,2710734
duplicates	0.8424211248285322	644249,3334654
duplicates	0.9673939151055443	668091,2851118
duplicates	0.9473795098396504	2420585,3879659
duplicates	0.955230681470351	623571,2495752
duplicates	0.9302586113810603	378414,2570458
duplicates	0.6293560272699446	330208,1217735,1890427,1890428,1890433,1890434,1890435,1893810,3357229,3357231,3479134,3945136,4372661
duplicates	0.8801359953703708	1370828,2746232,4098579
duplicates	0.8228227345054581	2499345,3974436
duplicates	0.8390469454357627	1761315,1761394,2466978,3938845
duplicates	0.8768600583090383	3021555,4230016
duplicates	0.9032962962962966	2830836,4138003
duplicates	0.9077533423716344	2511758,3986178
duplicates	0.7702546296296301	46762,46763,46766,2305339,2305340
duplicates	0.9159338373350026	2601523,4007177
duplicates	0.9723092873448973	1651340,1651344,2168009,2874538,2874539,4174156,4174163
duplicates	0.7963996927628585	656044,838499,2168651
duplicates	0.8876116293893321	425380,2508868
duplicates	0.6568079564795077	1892274,1892275,1892276,1892277,2398198,3313488,3377879,3851329,4293646,4396981
duplicates	0.9077533423716344	1758552,2883543,4183930
duplicates	0.8876116293893321	625482,2498040
duplicates	0.9302586113810603	895931,1996276,2590014,3999654
duplicates	0.9302586113810603	658854,919779,2359272,2660890
duplicates	0.9302586113810603	189627,4414841
duplicates	0.9032962962962966	2426694,3889840
duplicates	0.67806215132378	103205,790473,948807,970583,1193588,1194908,1779263,1877028,2102372,2161635,2364962,2365214,2715650,2807127,2810178,4065304
duplicates	0.7895101149233382	446124,2474319,3947524
duplicates	0.9302586113810603	2825444,4131911
duplicates	0.7424333261232192	423355,835579,909693,2219542,2510530,3985080
duplicates	0.7023319615912207	476656,476699,484431,491487,1174032,1548545,2171249,2202613
duplicates	0.9025112763840092	1658721,3465373,4358249
duplicates	0.9302586113810603	94220,1858096
duplicates	0.7702546296296301	1082307,1082308,1082309,2682960,2682961,2682962
duplicates	0.955230681470351	325387,2282168,3024457,4232745
duplicates	0.9302586113810603	185162,1842467,2863545,4163832
duplicates	0.9032962962962966	2103447,4035189
duplicates	0.8361771395247118	67594,1118201,2287331
duplicates	0.9159338373350026	42945,1831489,2397407,3850535
duplicates	0.7101067839669507	186657,446272,1085937,1085938,1556565,1556640,2688955,2688956
duplicates	0.8623986689020985	1336238,2221218,3026460,4234928
duplicates	0.9077533423716344	2418393,3877008
duplicates	0.847003641329085	458880,487923
duplicates	0.7563347050754455	3719779,3719784,3719813,3719834,3777411
duplicates	0.62123322995588	258640,258669,274680,360111,360832,440254,485495,585696,626901,1825835,1843784,1945960,1946701,1959638,2206023,2282450,2282481,2554322,2554462,3459313,3986884,4352343
duplicates	0.8424211248285318	2558090,3989934
duplicates	0.9302586113810606	1373010,2719184,4069626
duplicates	0.8149530701154905	2237998,3902692,4384592
duplicates	0.9302586113810606	373162,2177978
duplicates	0.9077533423716344	455753,2245635
duplicates	0.8424211248285322	2733132,4083386
duplicates	0.9268593750000003	1336876,2430503,3894182
duplicates	0.9673939151055443	138260,1897840
duplicates	0.9302586113810603	586581,1810936,2511652,3986118
duplicates	0.9032962962962966	1726422,2468205,3940597
duplicates	0.9302586113810603	1961650,1961651,1961653,2507462,3982483,3982485
duplicates	0.6773804512517804	440379,1113511,1115641,1121686,1137969,1411984,1429153,1429577,2523357,2524806,2532322
duplicates	0.9302586113810603	1796471,1796472,2866240,4165379
duplicates	0.8424211248285322	103888,106516,2295279,2295280
duplicates	0.8771956771080159	2405519,3861124
duplicates	0.8424211248285322	401725,844473,2335345
duplicates	0.7571255743440232	259252,259270,590355,1946012
duplicates	0.9032962962962966	670184,2749773
duplicates	0.8424211248285322	818151,2255194
duplicates	0.8876116293893321	756002,2628884
duplicates	0.9302586113810603	489858,573839
duplicates	0.8876116293893321	2620091,4029853
duplicates	0.8801359953703705	544712,2394570,2747073,2752078,3847884,4099872
duplicates	0.8424211248285322	114756,531740,1865513
duplicates	0.8801359953703701	177028,1172813,2344616,2606090
duplicates	0.7740803906836959	2176830,3974281
duplicates	0.9077533423716344	2741291,4093247
duplicates	0.8801359953703705	3333070,4260276
duplicates	0.9473795098396504	2486085,3964980
duplicates	0.8801359953703705	449833,449834,3419782,4314785
duplicates	0.9159338373350026	3349490,4272971
duplicates	0.7023319615912212	1199009,1199010,1199011,1199013,1199014
duplicates	0.819756317537383	1833443,2743396,4095672
duplicates	0.9025112763840092	302159,2753908,3945063
duplicates	0.8573749999999999	2622817,4033085
duplicates	0.8801359953703705	2469805,3942374
duplicates	0.8390469454357627	31090,1521749
duplicates	0.8876116293893321	2734651,4085344
duplicates	0.7406327610409249	1563503,1583155,2298802
duplicates	0.8768600583090383	2865786,4164779
duplicates	0.8801359953703705	1094794,1128019
duplicates	0.8771956771080153	518765,572839
duplicates	0.9077533423716344	1874046,2389633,3842943
duplicates	0.9077533423716344	3360979,4279376
duplicates	0.8768600583090383	2418646,3877995
duplicates	0.9473795098396504	2910239,4212500
duplicates	0.8771956771080159	2558690,3990417
duplicates	0.955230681470351	1179790,2798507
duplicates	0.9302586113810606	2402011,3855805
duplicates	0.9473795098396504	2485561,3964030
duplicates	0.8361771395247118	1359162,2430645,3894350
duplicates	0.9302586113810603	709236,709712
duplicates	0.9708756436061546	2081664,2609250,4011776
duplicates	0.7914531250000001	986668,2165022
duplicates	0.7895101149233382	75455,1119566,1818800,2586659,3999222
duplicates	0.9302586113810603	708543,708545
duplicates	0.7702546296296301	108454,127870,167646,1841950,1878043
duplicates	0.9348038408779151	3372143,4288650
duplicates	0.8801359953703708	1871298,1871324,2455879,2455880,3924862,3924892
duplicates	0.955230681470351	53499,2490482
duplicates	0.9302586113810606	363313,2626775
duplicates	0.9302586113810606	2680203,4051559
duplicates	0.8771956771080159	2403335,3858127
duplicates	0.754208179504038	649187,1085696,1085697,1558709,2688669
duplicates	0.8390469454357627	998616,2458019
duplicates	0.9555622053040906	1655923,2743924,4096214
duplicates	0.9673939151055443	2649818,4042244
duplicates	0.8876116293893321	195926,1842859,2445787,3913133
duplicates	0.9302586113810603	2451285,3919537
duplicates	0.8424211248285322	862028,864854
duplicates	0.823974609375	2041251,2894147,4195649
duplicates	0.9473795098396504	463047,1825247,2877574
duplicates	0.8122037227489556	977666,2308322,3827536
duplicates	0.9045263864083685	67091,840881,1850692,2454857,2510620,3923707
duplicates	0.9302586113810603	43765,1554940
duplicates	0.8568898764732209	762050,765412,1969698,2708061,4060378
duplicates	0.8876116293893321	2619999,4030440
duplicates	0.9159338373350026	922360,2019144
duplicates	0.9032962962962966	630556,2164369
duplicates	0.8768600583090383	2865859,4164970
duplicates	0.8771956771080159	2407585,3863655
duplicates	0.8390469454357627	49816,1221731
duplicates	0.8424211248285328	336409,336499,2176157,2207581,3460727,4353751
duplicates	0.8801359953703705	1092630,1092631
duplicates	0.8801359953703705	2552221,2552310
duplicates	0.9032962962962963	2745074,4097630
duplicates	0.8424211248285322	148369,1860450,2445601,3912965
duplicates	0.955230681470351	1059027,2708845
duplicates	0.8122037227489556	98943,1111428,1935450,2453988,3827532,3922659
duplicates	0.8801359953703708	2412521,3869310
duplicates	0.9159338373350026	2410363,3867008
duplicates	0.9302586113810606	297419,1783394
duplicates	0.8424211248285322	2732867,4083483
duplicates	0.8801359953703708	1633963,1633969,1756716,2736400,4087380
duplicates	0.8361771395247118	1139496,1434496,2632062
duplicates	0.8878115569272977	2634910,3919611,4037467
duplicates	0.8379242244267359	1060099,1065753,2309524,2781346
duplicates	0.7702546296296295	1117370,1118933,1132856,1134787
duplicates	0.8768600583090383	1934893,2491329,3972460
duplicates	0.8470036413290857	2737207,2737208,4088334,4088670
duplicates	0.9473795098396504	3429153,4323948
duplicates	0.7914531250000001	1182192,1182366
duplicates	0.8801359953703705	2390385,3843749
duplicates	0.8030271182083316	1177750,1413745,2492337,3973479
duplicates	0.8801359953703708	1815843,2477262,3952232
duplicates	0.8801359953703708	1166686,2313770,2809129
duplicates	0.6657786972532536	255518,506137,838696,1887984,1888294,1888322,1899147,1967405,3444307,4336601
duplicates	0.847003641329085	23191,341687
duplicates	0.8573749999999999	192877,3818475
duplicates	0.9708756436061546	2036572,2609243,4011769
duplicates	0.9302586113810606	2389000,3842233
duplicates	0.9268593750000003	1283762,2403659,3858297
duplicates	0.9032962962962966	983773,2670451
duplicates	0.9159338373350026	2561752,3992104
duplicates	0.8533995426674129	79213,1165499,1875827
duplicates	0.8361771395247118	1521626,2399659,3853306
duplicates	0.9473795098396504	2485978,3964988
duplicates	0.7702546296296295	2623938,4033959
duplicates	0.8801359953703705	2443329,3910754
duplicates	0.8801359953703705	2459939,3929867
duplicates	0.7702546296296301	60083,573852,873091
duplicates	0.8521114574411925	2634677,2634705,4037316,4037344
duplicates	0.8424211248285322	1559132,1559133
duplicates	0.7542081795040372	385238,426537,1930903,2253352
duplicates	0.955230681470351	763990,1782993
duplicates	0.9302586113810603	2382434,3835148
duplicates	0.8470036413290857	2737569,2737570,4088499,4088834
duplicates	0.9032962962962966	773461,1769387
duplicates	0.9077533423716344	2591526,4000789
duplicates	0.8878115569272977	1240530,2720554,4069997
duplicates	0.9302586113810603	709753,709754
duplicates	0.9302586113810603	1072832,2285704
duplicates	0.9787241253644315	1649493,1649494,2668878,2668879,4044563,4044569
duplicates	0.7939705072021079	441591,444552,483506,486208,1957479,1957962,2561151,2567107
duplicates	0.9077533423716344	1252357,1252372,1252376,1252380,1252400,1252410,2386633,3839991
duplicates	0.7539145037933362	657322,803808,1770764,1926000,2709213
duplicates	0.955562205304091	766441,1773951,2709924
duplicates	0.9473795098396504	2420225,3879804
duplicates	0.9302586113810606	1253519,2753161,4105746
duplicates	0.8771956771080153	411155,1848092
duplicates	0.8424211248285322	774178,774179
duplicates	0.8801359953703705	1856680,2413699,2413700,3871032,3871035
duplicates	0.8521114574411925	3915802,3916803
duplicates	0.9589093578532237	2707555,4059935
duplicates	0.8801359953703705	3026147,4234601
duplicates	0.8771956771080159	2737010,4087943
duplicates	0.9025112763840089	1148612,2261550,2785594
duplicates	0.8122037227489556	1347460,2429749,3892763
duplicates	0.8424211248285322	396801,1421683,1434124
duplicates	0.8318469252780483	1678889,2390630,3844341
duplicates	0.8424211248285318	2383562,3836628
duplicates	0.9302586113810606	1253518,2753159,4105745
duplicates	0.8950322008954047	46507,1470603,2222173,3467431,4360466
duplicates	0.7702546296296295	2478432,2480392,2487227,3953845,3956441,3966575
duplicates	0.7684906884157523	20766,42995,2320792
duplicates	0.9159338373350026	2420803,3880324
duplicates	0.9032962962962966	831194,2766408
duplicates	0.9473795098396504	1295799,2387471,3840921
duplicates	0.8573749999999999	1512570,2430790,3894674
duplicates	0.7895101149233382	1893151,3367489,4284456
duplicates	0.9787241253644315	1998043,3381974,4296271
duplicates	0.9431419828060404	1342701,2891519,4192538
duplicates	0.9159338373350026	3349901,4273418
duplicates	0.6769062347823975	592018,636551,834343,1055196,1055197,2536264,2536266,2538044,3043541
duplicates	0.8424211248285322	2597995,4005241
duplicates	0.9032962962962966	3536994,3783443
duplicates	0.9077533423716344	27890,2309181
duplicates	0.8768600583090383	2489851,3970974
duplicates	0.8876116293893321	384020,2503604
duplicates	0.6514354741685525	816432,825078,2760958,2763523,2763843,2763844,2763845,2763846,2763978,2767139
duplicates	0.9032962962962966	360040,2036709,2888961
duplicates	0.8470036413290857	2737675,4088882
duplicates	0.9105034137460176	2172434,3457293,4350275
duplicates	0.9302586113810606	2740349,4092257
duplicates	0.8719614101220847	1024487,3273902,4237608
duplicates	0.8801359953703705	589340,597512,2183245,2203822
duplicates	0.955230681470351	3322250,4254381
duplicates	0.8908583471816945	445813,462242,1957519,2563403,2902424,3992802,4204442
duplicates	0.8876116293893321	2619442,4030642
duplicates	0.9032962962962966	2825277,4131792
duplicates	0.7406327610409246	831474,831731,831735,831740,2766442,2766487,2766489,2766490
duplicates	0.8801359953703705	3394985,4304015
duplicates	0.9302586113810606	1312440,2381979,3834665
duplicates	0.9302586113810606	2737964,4089356
duplicates	0.8801359953703705	894157,894166,2860018,2860021,4161276,4161279
duplicates	0.9302586113810606	560747,3359885,4278061
duplicates	0.9302586113810603	145214,1860278
duplicates	0.9302586113810603	613370,614124
duplicates	0.8361771395247118	1828342,2922445,4224449
duplicates	0.7071314800901575	2929787,2929833,2929874,2929921
duplicates	0.6536884153659624	358815,399462,399464,409386,412815,412817,412824,421832,421834,421842,431633,884919
duplicates	0.8801359953703705	20681,1848826
duplicates	0.9159338373350026	43149,1247632,2455717,3924716
duplicates	0.9302586113810603	449652,462554
duplicates	0.8801359953703708	1489894,2424436,3885703
duplicates	0.8568898764732209	28075,1893859,2000086,2464989,3936016
duplicates	0.5787037037037045	66801,68758,87624,90678,90682,95402,96297,111749,149194,166618
duplicates	0.754208179504038	613299,674596,1722631,2194474,2842916,2898711,4200303
duplicates	0.9032962962962966	348522,2502749,3977843
duplicates	0.8424211248285322	556689,557581,1288783,1885050
duplicates	0.7702546296296295	2564679,2646381,2830047,3993322,4042067,4136987
duplicates	0.8424211248285322	60016,814348
duplicates	0.823974609375	1888665,3383934,4297457
duplicates	0.7605997403867232	1342056,1474272,2891326,4192261
duplicates	0.9032962962962966	1022562,2686340,4053534
duplicates	0.8876116293893321	2619318,4030518
duplicates	0.9673939151055443	1279296,3906260
duplicates	0.8424211248285322	434201,437151
duplicates	0.9032962962962966	2422575,3883073
duplicates	0.7702546296296295	1395605,1396897,3361011,4279084
duplicates	0.9473795098396504	2485558,3964019
duplicates	0.8801359953703701	1332017,2439517,3906206
duplicates	0.8424211248285322	1563935,1564518
duplicates	0.8329961495116457	1536502,2509300,3983829
duplicates	0.8801359953703705	2513727,2513728
duplicates	0.8771956771080153	957020,964953
duplicates	0.8719614101220847	521316,2458983,3928798
duplicates	0.8164579457596473	1246569,3345146,4270289
duplicates	0.8801359953703705	3443399,4335628
duplicates	0.9302586113810603	577466,2203702
duplicates	0.8801359953703705	273271,2449652
duplicates	0.9077533423716344	2839716,4147052
duplicates	0.9032962962962966	297619,2641550
duplicates	0.9302586113810603	846089,951943
duplicates	0.7914531249999995	3590809,3591330,3591340,3780357
duplicates	0.6797735106136011	947294,951494,951495,959053,962302,962698,1048889
duplicates	0.8424211248285322	1310188,4103223
duplicates	0.9302586113810606	2401713,3855919
duplicates	0.8801359953703708	596420,615205,2339631
duplicates	0.9302586113810603	2827261,4133721
duplicates	0.9032962962962966	455736,2849370,4151826
duplicates	0.8228227345054574	19277,1114306
duplicates	0.819756317537383	1518983,3462307,4355374
duplicates	0.9159338373350026	1260074,1379940
duplicates	0.8424211248285318	1863757,1863761,2893850,4195275
duplicates	0.9302586113810603	579642,1828762
duplicates	0.9302586113810606	3278525,4242767
duplicates	0.6954238281144544	259660,874142,999225,2035480,2164880,2195531,3422871,3458897,3463493,3817681,4317815,4351927,4356489
duplicates	0.7558577229336843	836279,961747,1016537,2338322,2340984
duplicates	0.9077533423716344	2414152,3871459
duplicates	0.8801359953703708	1319308,3361381,4279791
duplicates	0.9473795098396504	2420598,3879849
duplicates	0.8801359953703705	258102,2207363
duplicates	0.8424211248285322	2290310,2290311
duplicates	0.9302586113810606	366208,428307,2340116
duplicates	0.6671046527844064	85555,132395,165417,290199,849067,1151027,2337513,2786586
duplicates	0.9302586113810606	2557267,3989194
duplicates	0.9032962962962966	606270,2082719,2905805
duplicates	0.8876116293893321	2619829,4029771
duplicates	0.8719614101220847	1341411,2708490,4060637
duplicates	0.661386577654324	35005,75754,464981,534830,539976,622703,1139234,1429655,1434442,1918840,2537633,2568003,2634163,3994432
duplicates	0.8390469454357627	2489067,2489068,3969819,3969832
duplicates	0.9473795098396504	2485647,3964108
duplicates	0.8424211248285322	2733198,4083322
duplicates	0.8801359953703705	743672,760074,1766073,2342873,2708231
duplicates	0.7942464863976332	1493418,2221322,2476334,3950923
duplicates	0.9302586113810603	633952,2352115
duplicates	0.8149530701154905	1683404,1727689,1727795,2414707,3872409
duplicates	0.8768600583090383	2585726,3998884
duplicates	0.9348038408779151	1361953,1362154,2438141,3904728
duplicates	0.9159338373350026	2404704,3859599
duplicates	0.9268593749999996	1523091,2414444,3872112
duplicates	0.8006559766763849	441420,1545895,1931297,2561331,3437055,3991847,4331060
duplicates	0.8638375985314766	262934,2325612,2863949,4164218
duplicates	0.9032962962962966	2419946,3879436
duplicates	0.9032962962962966	798653,2588352
duplicates	0.7702546296296301	91255,493657,1837982,1883108,2489707
duplicates	0.9077533423716344	2510804,3985270
duplicates	0.8876116293893321	2457540,3926779
duplicates	0.5962390046296299	2761430,2761868,2761869,2761925,2762175,2763148,2763758,2766423,2766427,2766505
duplicates	0.8771956771080159	2437731,3903981
duplicates	0.9077533423716344	2429331,3892463
duplicates	0.9302586113810606	775878,2712235
duplicates	0.9032962962962966	298645,3272869,4236547
duplicates	0.847003641329085	88723,124661
duplicates	0.9473795098396504	2488365,2488366,3968901,3969430
duplicates	0.9473795098396504	1364471,2417204,3875044
duplicates	0.9032962962962966	2824851,4131349
duplicates	0.9032962962962966	3022714,4230825
duplicates	0.8801359953703705	2434722,3900082
duplicates	0.9302586113810606	1372345,2720053,4069009
duplicates	0.8801359953703708	1370838,2746216,4098589
duplicates	0.9159338373350026	2883015,4183283
duplicates	0.9302586113810603	1826081,1845404
duplicates	0.9302586113810606	390313,2330539,2506231
duplicates	0.6535564378598131	409153,721877,721879,721882,721889,721893,721894,735498
duplicates	0.8768600583090383	2724891,4074828
duplicates	0.8876116293893321	2553275,2553959
duplicates	0.8801359953703705	2469622,3942201
duplicates	0.8318469252780474	600143,604423,1464986,2089831
duplicates	0.754208179504038	727755,764923,764937
duplicates	0.8876116293893321	2619498,4030737
duplicates	0.8876116293893321	2678028,4050916
duplicates	0.9302586113810603	708843,708848
duplicates	0.9025112763840092	521611,1890703,1890704
duplicates	0.8122037227489556	1347966,2429958,3893004
duplicates	0.7542081795040372	852513,1142732,1618895,2219712
duplicates	0.9032962962962966	1070672,2769853
duplicates	0.754208179504038	1559761,1559762,2372524
duplicates	0.8801359953703708	1797998,2745262,4097716
duplicates	0.9032962962962966	396653,2453823
duplicates	0.7101067839669507	351657,720048,955548,967528
duplicates	0.9159338373350026	2414927,3872590
duplicates	0.9302586113810606	314116,3336068,4263377
duplicates	0.9268593750000003	1943465,2855501,4156097
duplicates	0.9025112763840092	173705,2472968,3945945
duplicates	0.9077533423716344	2431730,3895993
duplicates	0.710106783966951	342320,790495,994602,1239585,2715377,3019790
duplicates	0.8801359953703708	1916340,2433837,3899191
duplicates	0.8390469454357627	2475375,3949461
duplicates	0.955230681470351	220118,3029078
duplicates	0.9032962962962966	2427091,3889472
duplicates	0.7702546296296295	2478834,3954262
duplicates	0.8801359953703705	42560,2631854
duplicates	0.8424211248285322	2550849,2550898
duplicates	0.9077533423716344	947164,1938192,2614846,4026948
duplicates	0.8424211248285322	873691,2590982
duplicates	0.6615129125693314	49954,2342618,2939614,2939615,2939689,2939690
duplicates	0.8661128500377284	1367054,3379627,4295935
duplicates	0.7071314800901575	3770234,3770946,3770947,3770948,3770995
duplicates	0.9302586113810603	1889865,4157646
duplicates	0.9473795098396504	1360007,3897229
duplicates	0.8122037227489556	1347739,2429676,3892894
duplicates	0.7895101149233382	31486,36235,1198767,1554426
duplicates	0.8424211248285322	118332,118333
duplicates	0.8801359953703705	2537928,2537931
duplicates	0.7702546296296295	2478823,3954251
duplicates	0.8533995426674129	79694,1875852,2394457
duplicates	0.9032962962962966	254439,2377980,2608580
duplicates	0.9159338373350026	2883134,4183418
duplicates	0.9302586113810603	1148173,2785474
duplicates	0.8573749999999999	1512519,2430686,3894623
duplicates	0.8424211248285322	1025999,1031329
duplicates	0.8801359953703708	1489961,2424452,3885769
duplicates	0.8801359953703708	2437129,3903054
duplicates	0.9302586113810603	492171,1198017
duplicates	0.9032962962962966	211831,1549627
duplicates	0.9348038408779151	3322230,4254365
duplicates	0.9032962962962966	2939905,2939906
duplicates	0.8801359953703705	2536367,2537038
duplicates	0.7876843069407695	1053725,1073391,2767666
duplicates	0.8801359953703708	1489996,2424515,3885804
duplicates	0.955230681470351	1059513,1779356
duplicates	0.909149169921875	2173117,2920376,2920377,4221779,4221780
duplicates	0.8424211248285322	683977,989036,2021394,2167143,2701767,2706198,4055812,4059067
duplicates	0.9077533423716344	2413858,3871187
duplicates	0.8573749999999999	2448513,3915529
duplicates	0.9302586113810606	295737,2330520,2506210
duplicates	0.8768600583090383	3021832,4229695
duplicates	0.955230681470351	928254,1723758,2611416,4013578
duplicates	0.8771956771080159	2403422,3857856
duplicates	0.8876116293893321	333921,2510739
duplicates	0.8801359953703705	317529,1261022
duplicates	0.9268593750000003	1940395,2890306,4191147
duplicates	0.9302586113810603	2705919,4058829
duplicates	0.9302586113810603	277662,3396532
duplicates	0.9159338373350026	281182,2203797
duplicates	0.8801359953703708	1490024,2424517,3885832
duplicates	0.8228227345054574	4312121,4387684
duplicates	0.9302586113810606	1214747,2843442
duplicates	0.9032962962962966	845251,1911437,2609960,4012417
duplicates	0.8719614101220847	1899682,3384533,4297900
duplicates	0.8361771395247118	1286865,3360032,4278221
duplicates	0.9302586113810606	1312448,2381972,3834673
duplicates	0.8771956771080159	1241393,4070733
duplicates	0.9159338373350026	111493,2612434
duplicates	0.9302586113810606	2474592,3948841
duplicates	0.9302586113810606	181156,2367111,2667667
duplicates	0.8568898764732209	1340594,1340596,1340598,2439476,3906143
duplicates	0.8876116293893321	1237961,2914748
duplicates	0.8768600583090383	2865777,4164795
duplicates	0.754208179504038	575207,582045,1549997,1625098,2510930
duplicates	0.8122037227489556	1347441,2429730,3892744
duplicates	0.8876116293893321	2734485,4085457
duplicates	0.8470036413290857	2737810,4088625
duplicates	0.8329961495116457	2672256,3948978,4046075
duplicates	0.831846925278048	1251352,2725052,4075018
duplicates	0.8424211248285322	816531,821745
duplicates	0.8801359953703708	1849965,2423536,3884675
duplicates	0.7914531250000001	153287,3368632,4285251
duplicates	0.9032962962962966	3593797,3594557,3594953,3597236,3597237,3601534
duplicates	0.8801359953703705	2526472,2526473
duplicates	0.8801359953703708	3409029,4309783
duplicates	0.7784681765327742	278240,366796,456702,470726,1894002
duplicates	0.8771956771080153	338721,400806
duplicates	0.9302586113810606	591725,1444754,2840387,4147574
duplicates	0.9302586113810603	1592455,4131119
duplicates	0.8801359953703708	1815821,2477233,3952213
duplicates	0.7290000000000006	626428,629192,1153770,1417345,2183805,3351820,4275300
duplicates	0.9302586113810606	1372066,1372128,2719213,2719986,4068303,4068798
duplicates	0.8801359953703705	2469287,3942573
duplicates	0.8424211248285322	3352132,4275486
duplicates	0.8878115569272977	1240555,2720528,4070022
duplicates	0.7804574468917304	727095,1239330,1239331,1755673,2370467,2751264,3020218,4104083
duplicates	0.8329961495116457	21226,358182,1421299,2630679,3313575,4245313
duplicates	0.8801359953703705	2469682,3942257
duplicates	0.8424211248285322	103758,1820320,2600830,4006806
duplicates	0.6334492163647457	3790304,3790305,3790306,3790307,3790308,3790309,3790310,3790311
duplicates	0.9302586113810606	2738517,4088983
duplicates	0.9302586113810603	323205,3923131
duplicates	0.8771956771080159	2400621,3854979
duplicates	0.9473795098396504	1793783,2379329,3831417
duplicates	0.7408800232560124	532406,2928321,2928498,2928499,2928500,2928501,3700990,4381924
duplicates	0.8878115569272977	1358522,2420761,3880528
duplicates	0.8801359953703708	2407846,3863943
duplicates	0.9302586113810603	2779551,4113848
duplicates	0.8801359953703705	442902,3817228
duplicates	0.8424211248285322	1186111,1186122,2267969,2267975,2802417,2802423
duplicates	0.9032962962962966	208578,2037601
duplicates	0.9302586113810603	411392,2652234
duplicates	0.7530107704673517	54489,266680,358513,602067
duplicates	0.7521317433464536	804327,1059666,2758528,2758529
duplicates	0.9473795098396504	2420244,3879802
duplicates	0.8424211248285322	2431594,3895853
duplicates	0.8801359953703705	2513571,2517459
duplicates	0.8801359953703708	3409014,4309818
duplicates	0.8801359953703705	1434956,1434957
duplicates	0.789510114923338	235538,829319,2765754,3347954
duplicates	0.9302586113810603	2402798,3856955
duplicates	0.7290000000000001	32947,236265,311343,1154659
duplicates	0.9673939151055443	43673,2342617,2452743,3921451
duplicates	0.9302586113810606	2738479,4088969
duplicates	0.8801359953703705	3328469,4256370
duplicates	0.8801359953703705	2538152,2538153
duplicates	0.8533995426674131	2004202,2610823,4013361
duplicates	0.9787241253644315	138035,3279175,4243500
duplicates	0.9032962962962966	265569,3448670
duplicates	0.8006559766763849	52016,330626,2452630,2863918,3921310,4164189
duplicates	0.9302586113810606	198932,1862224,3455285,4348193
duplicates	0.8390469454357627	1895916,4233262
duplicates	0.9555622053040906	18976,3313757,4245508
duplicates	0.788401252564518	22840,24376,24477,2328408
duplicates	0.6593443580754976	2398228,2446460,2626878,3851351,3913854,3913957,3913959
duplicates	0.9302586113810603	2829617,4136408
duplicates	0.9302586113810603	776738,2756653
duplicates	0.8876116293893321	1214712,2843418
duplicates	0.6263507165916241	2386607,2386616,2402980,3839959,3839969,3857356
duplicates	0.8067181247182575	917746,1166881,2265027,2794226
duplicates	0.955230681470351	1059579,1780874
duplicates	0.94737950983965	1280024,1280025,1280104,2403786,2403787,3858422,3858481
duplicates	0.7406327610409249	346045,759036,1227752
duplicates	0.7942464863976332	82074,1837458,2445080,3912479
duplicates	0.8768600583090383	413274,560483
duplicates	0.9032962962962966	1082697,2683368
duplicates	0.9302586113810606	1368014,2440977,3908007
duplicates	0.7895101149233382	1891880,3313274,4245014
duplicates	0.8768600583090383	2724829,4074681
duplicates	0.9032962962962966	624181,2496452
duplicates	0.6743486572598996	2937653,2937751,2937859,2937954
duplicates	0.9302586113810603	2402307,3857155
duplicates	0.7016165131284936	334482,745970,848569,2785915
duplicates	0.9473795098396504	466258,2557465
duplicates	0.8424211248285328	1986717,2555877,3988714
duplicates	0.6661010370370367	461772,467832,510892,513728,589916,1783485,1783848,2377548,2389694,2447214,2447229
duplicates	0.9302586113810606	350351,3362469,4280868
duplicates	0.7895101149233382	2451714,2621295,4031651
duplicates	0.8876116293893321	2506885,3981982
duplicates	0.9302586113810606	721413,1677482
duplicates	0.9268593749999999	1654632,1654851,2739237,4090534
duplicates	0.955230681470351	2465156,3936541
duplicates	0.9302586113810606	1884350,2569393,3994733
duplicates	0.8470036413290857	2737386,4088750
duplicates	0.9302586113810603	60498,2640759
duplicates	0.9159338373350026	1260181,1379949
duplicates	0.8424211248285322	602923,2276019
duplicates	0.6535564378598118	650915,657992,679552,1151655,1753714,2787248,3380861,3380896,3411464
duplicates	0.7290000000000001	172851,740521,1073919,1487603,2284918,2285723
duplicates	0.955230681470351	624159,2496425
duplicates	0.8521114574411925	1542830,2484607,2484608,2484609,2484610,3962345,3962488,3962607,3962647
duplicates	0.8801359953703708	2407815,3863954
duplicates	0.9302586113810606	449002,1412493,2828057,4134761
duplicates	0.8477416636297376	2040202,2211341
duplicates	0.7895101149233382	829289,1053111,1785222,2764220,4109605
duplicates	0.9302586113810606	2419114,3878067
duplicates	0.8573749999999999	2625686,4035529
duplicates	0.789510114923338	704619,1559004,1625976,1625978
duplicates	0.8390469454357627	592494,2753828
duplicates	0.9077533423716344	2839464,4146719
duplicates	0.8876116293893321	387526,3396927
duplicates	0.9302586113810606	2474689,3948605
duplicates	0.8424211248285322	968302,973247,2669831
duplicates	0.9032962962962966	2085954,3321928,4254027
duplicates	0.8424211248285322	295905,601348
duplicates	0.9077533423716344	2471826,3944674
duplicates	0.9032962962962966	590146,2397835
duplicates	0.9302586113810606	2555370,3988214
duplicates	0.8301854472236901	1532422,1532425,1649290,1649294,1649295
duplicates	0.9159338373350026	2435346,3900988
duplicates	0.8801359953703708	234891,234892,1599841,2374736,3343854,3347632,3380162
duplicates	0.792579481270891	1395628,3361042,4279050
duplicates	0.9473795098396504	2475241,3949375
duplicates	0.9077533423716344	3023978,4232056
duplicates	0.789510114923338	1897232,3967717
duplicates	0.8661128500377281	1363918,2499583,3974719
duplicates	0.7986047668038413	907855,935135,2061381,2146209,2608237,2610450,4012914
duplicates	0.955230681470351	61667,3446751
duplicates	0.8878115569272977	1240848,1240867,2720414,2720415,4070264,4070282
duplicates	0.8801359953703705	895517,996332,1541010,2035721,2888761,2906486,4189572,4208566
duplicates	0.7702546296296295	2623918,4033930
duplicates	0.9077533423716344	2749043,4101938
duplicates	0.9302586113810603	993462,1558492
duplicates	0.8271683058641872	1485020,2454359,2454360,3923123,3923124
duplicates	0.8470036413290857	2501449,3976650
duplicates	0.7233305504507712	589461,649206,694311,694342,1423902,1424454,1424457,3449603,4341874
duplicates	0.9302586113810606	241861,2838966,3521456,4146208,4381655
duplicates	0.8573749999999999	3372103,4288624
duplicates	0.7914531250000006	3769331,3769332,3771194
duplicates	0.8470036413290857	2737571,4088574
duplicates	0.9032962962962966	659918,1770274
duplicates	0.9302586113810606	1372723,2718981,4069366
duplicates	0.8801359953703705	2407894,3864033
duplicates	0.9302586113810606	2474766,3948688
duplicates	0.9302586113810606	509600,545654,1845861
duplicates	0.8424211248285322	1362457,1362460,3935045,3935048,3935053,4259916
duplicates	0.8390469454357627	2448617,3915740
duplicates	0.6954238281144544	335810,768709,919728,955675,1238682,2710212,2914357
duplicates	0.9302586113810606	1478666,2454269,3923010
duplicates	0.9302586113810606	964644,2331195,3367393
duplicates	0.9159338373350026	112866,3428752
duplicates	0.9032962962962966	3322626,4254762
duplicates	0.9302586113810606	2474776,3948689
duplicates	0.9032962962962966	797535,2587781
duplicates	0.9302586113810606	2740277,4092332
duplicates	0.8149530701154905	1279350,1332619
duplicates	0.9077533423716344	3023956,4232076
duplicates	0.7494380787037037	1844728,2671188,2885799,2885800,4045135,4186551,4186599
duplicates	0.8768600583090383	2557927,3989691
duplicates	0.7289999999999995	905863,924488,1040616,1044077,1923825,2661271,2881169,4181570
duplicates	0.9673939151055443	155352,905344
duplicates	0.9032962962962966	93416,3397920
duplicates	0.9032962962962966	797694,2589401
duplicates	0.823974609375	1498339,1498340,3957260
duplicates	0.8876116293893321	2457530,3926769
duplicates	0.9302586113810603	88965,1876271
duplicates	0.8876116293893321	1312353,1312356,2883374,4183734
duplicates	0.8424211248285328	1780070,2710108,2710109,4062153,4062154
duplicates	0.9032962962962966	892216,2621249
duplicates	0.9302586113810606	498272,2249380
duplicates	0.911446289142763	1285482,2875406,4175211
duplicates	0.7895101149233382	48843,1797789,3831924
duplicates	0.8623986689020979	1498052,2439865,2439866,2439867,3328889,3375830,3906615,3906720,3906875,3907054,4256974,4291592
duplicates	0.8801359953703705	1633914,2736367,4087335
duplicates	0.6906396626731048	1890400,2397103,3832139
duplicates	0.9302586113810603	108876,2599175
duplicates	0.9302586113810606	1833836,2455896,3924917
duplicates	0.7914531250000001	3449636,4341914,4398441
duplicates	0.9032962962962966	625500,2498060
duplicates	0.8122037227489561	2406632,3862556,4403973
duplicates	0.8801359953703708	1797979,2745236,4097697
duplicates	0.955230681470351	1195113,2810258
duplicates	0.9473795098396504	2436172,3901895
duplicates	0.8361771395247118	1821664,2418546,3877404
duplicates	0.9302586113810603	835021,2544689
duplicates	0.7788607474666485	577767,628232,1919331,1933485,2571936,2577412,2886962,4187730
duplicates	0.827135633848739	1171971,1859285,2598237,4005367,4324644
duplicates	0.8771956771080159	2437754,3903934
duplicates	0.9032962962962966	359199,4392380
duplicates	0.8521114574411925	1818449,2436768,3902646
duplicates	0.8424211248285322	2489549,3970692
duplicates	0.847003641329085	18211,1128864
duplicates	0.9032962962962966	2831421,4137472
duplicates	0.8801359953703705	3809686,3809687,4384069,4384070
duplicates	0.9302586113810606	1372502,2719638,4069159
duplicates	0.8878115569272977	873759,1336342,4315536
duplicates	0.8424211248285322	1891552,1891553,2454819,2470416,3923665,3943320
duplicates	0.6016807920539302	182835,182836,257338,453562,911133,911134,911135,911137,927990,927991,982692,982835,982841,983013,1410809,1410810,1412681,1417975,1422403,1422404,1422405,1422406,1422472,1422473,1422872,1422878,1422881,1447884,1447885,1447886,1447887,1447888,1447889,1447890,1447891,1447892,1447893,1447894,1447895,1447896,1447897,1447898,1447899,1447900,1447901,1447902,1447903,1456097,2089233,3465243,4358121
duplicates	0.9077533423716344	2839923,4146426
duplicates	0.7290000000000006	67685,1131153,1625259,1625261,1874853
duplicates	0.9032962962962966	2827703,4134392
duplicates	0.8876116293893321	619450,2493702
duplicates	0.6661010370370372	268076,502743,518492,627007,1085104,1620680,1931980,2310125,2667771,2688092
duplicates	0.6786598770069839	368751,777951,887248,908958,956459,962907
duplicates	0.8950322008954047	44817,1094330,1893820,2458721,3928469
duplicates	0.870603919846858	183476,1212291,1930854,2604766,4009106
duplicates	0.9473795098396504	1358770,3880504
duplicates	0.8771956771080153	145503,1930009
duplicates	0.7040435740680296	718705,718706,836688,1049359
duplicates	0.955230681470351	398189,2294626
duplicates	0.9302586113810606	2389088,3842219
duplicates	0.9302586113810603	168510,1861237
duplicates	0.9302586113810606	2388768,3842330
duplicates	0.9302586113810606	1144638,2784356
duplicates	0.9302586113810606	1862639,2558731,3990457
duplicates	0.9673939151055443	163403,4115836
duplicates	0.9302586113810603	276650,2185293
duplicates	0.8801359953703708	1371327,2745807,4098996
duplicates	0.8470036413290857	2384254,3837302
duplicates	0.8801359953703705	2446795,3914191
duplicates	0.9473795098396504	2404211,3858760
duplicates	0.9302586113810606	1372929,2719377,4069548
duplicates	0.8521114574411925	1758010,3025591,4234139
duplicates	0.9077533423716344	2413907,3871238
duplicates	0.9045263864083688	2161554,2483356,3961221
duplicates	0.8228227345054574	174765,429363
duplicates	0.8424211248285328	1487645,2458548,3928277
duplicates	0.9032962962962966	797501,2588695
duplicates	0.9302586113810603	709418,709594
duplicates	0.8801359953703708	1490292,2424751,3886086
duplicates	0.9302586113810603	1792042,2627790
duplicates	0.8424211248285318	2450234,3918452
duplicates	0.8801359953703705	720411,768292,1677601,1774430,2710774,4062769
duplicates	0.8801359953703708	1660151,2736238,4087088
duplicates	0.9302586113810606	1372378,2720184,4069042
duplicates	0.9302586113810606	2402077,3856023
duplicates	0.8801359953703705	1726883,2430465,3894141
duplicates	0.8986321249999999	335918,426931,2176113,2647956
duplicates	0.8768600583090383	3021642,4229822
duplicates	0.8801359953703701	172727,358006,2411727
duplicates	0.7004443117472586	796407,1043839,1047017,1047018,1050869,1050870,2706767
duplicates	0.8521114574411932	1254399,2407287,3863283
duplicates	0.9302586113810603	876078,2330923
duplicates	0.9159338373350026	3349588,4272850
duplicates	0.7521317433464536	2210534,2210536,2732602,4083099
duplicates	0.9302586113810606	2401419,3856111
duplicates	0.8424211248285322	2437510,3903686
duplicates	0.7542081795040377	91896,116701,1561290,1838228
duplicates	0.9302586113810603	90118,4409416
duplicates	0.9077533423716344	2839027,4147295
duplicates	0.7895101149233382	684477,2452667,3921362
duplicates	0.9842108202176507	1369198,1761223,4000496,4000515
duplicates	0.955230681470351	750995,4397089
duplicates	0.8361771395247118	1867450,2475217,3949264
duplicates	0.8719614101220847	1488941,2749748,4102578
duplicates	0.6461647295469775	21335,28690,39560,71285,167758,267686,452390,507202,1123083,1123194,1428316,1431123,1432778,1822301,2559039,2601927,2631760,2634177,2636695,3431492,3431493,3431494,3431495,3990592,4007406,4037053,4038122,4325995,4325996,4325997,4325998
duplicates	0.8521114574411932	61175,1625843,1817764,2875256,4174997
duplicates	0.9077533423716344	2413992,3871317
duplicates	0.9302586113810606	261096,2215526
duplicates	0.9302586113810603	673857,916285,2359191,2660944
duplicates	0.9032962962962966	624568,2496919
duplicates	0.9077533423716344	1331060,4279268
duplicates	0.8801359953703699	1277099,2616612,4027465
duplicates	0.789864533738343	184593,487282,531686,1944709,2566929,2603131,3438875,4008161,4332673
duplicates	0.9673939151055443	16724,1893811
duplicates	0.8771956771080159	30413,1897866
duplicates	0.8768600583090383	2865781,4164788
duplicates	0.695423828114453	3809987,3809988,3809989,3809990,3809991,3809992,3809993,3809994,4384383,4384384,4384385,4384386,4384387,4384388,4384389,4384390
duplicates	0.7563347050754455	3550586,3550587,3550589,3550591,3550592
duplicates	0.9032962962962966	762277,1777420,3346576
duplicates	0.9159338373350026	966484,2089230,2465166,3936553
duplicates	0.9302586113810606	125983,3395985,4304521
duplicates	0.9045263864083688	1948547,2442346,3909578
duplicates	0.9473795098396504	2485979,3964989
duplicates	0.7702546296296301	123146,152039,1839776,3470024,4363246
duplicates	0.8801359953703705	335720,2857419,4158848
duplicates	0.9473795098396504	2587115,3999391
duplicates	0.7384592253465684	68072,70846,1154387,1895360,1895372,3468197,4361265
duplicates	0.9302586113810603	60640,2627228
duplicates	0.9473795098396504	1727708,1727750,2414716,3872380
duplicates	0.8878115569272977	1359273,1541613,1541795
duplicates	0.9302586113810606	1341570,2840355,4147524
duplicates	0.955230681470351	1541874,3938923
duplicates	0.8876116293893321	83521,2744021
duplicates	0.8876116293893321	1225021,2852713
duplicates	0.9032962962962966	1214662,2843391
duplicates	0.8801359953703705	2459923,3929850
duplicates	0.9032962962962966	346678,3366683
duplicates	0.9302586113810603	275895,2573416
duplicates	0.9302586113810603	1032919,1754630
duplicates	0.8801359953703705	2469203,3942443
duplicates	0.9348038408779151	2838824,4145965
duplicates	0.7895101149233382	393638,790617,2715778
duplicates	0.8876116293893321	2620005,4030470
duplicates	0.7542081795040372	940452,1131036,1422501,1447239
duplicates	0.789510114923338	896760,3407116
duplicates	0.7597988281250005	121045,138397,486721
duplicates	0.9032962962962966	1673194,2750667,4103521
duplicates	0.8470036413290857	2737703,4088902
duplicates	0.6777715788514548	323248,323352,323507,324166,583402,1163678,1420636,1420678,1420756,2544786,2546899,2550035
duplicates	0.8801359953703705	152079,157806,2296892,2297962
duplicates	0.8801359953703705	147419,1878927
duplicates	0.9032962962962966	2840959,4148255
duplicates	0.9159338373350026	2462614,3933049
duplicates	0.7563347050754461	3771053,3771054,3771055
duplicates	0.8768600583090383	2865881,4164647
duplicates	0.9032962962962966	2881629,4182029
duplicates	0.9045263864083685	1782134,2909490,4211662
duplicates	0.8390469454357627	2680383,4051698
duplicates	0.7914531250000001	3774587,3774588,3774589,3775564
duplicates	0.8661128500377284	753975,763659,1769304
duplicates	0.9302586113810606	1373253,2719492,4069850
duplicates	0.9032962962962966	798318,2589257
duplicates	0.8424211248285322	1018304,1198050,2809451
duplicates	0.682461073866099	304218,414237,839147,862585,921174,963757,969265,2083756,2208214,2618257,2662497,2895958,4028782,4042801,4197557
duplicates	0.9302586113810603	393769,428544
duplicates	0.7542081795040377	78737,78738,78739,78740
duplicates	0.9159338373350026	425726,439780,1949258,2652786,3434336,4328530
duplicates	0.7702546296296295	2623887,4033996
duplicates	0.819756317537383	510451,2400232,3854428
duplicates	0.8876116293893321	620551,2495360
duplicates	0.8424211248285322	1857640,3428697,4323500
duplicates	0.8768600583090383	2866163,4165275
duplicates	0.8771956771080159	2736933,4087818
duplicates	0.8771956771080159	2737067,4088072
duplicates	0.7914531250000001	685038,2119687
duplicates	0.7914531250000001	1396381,3383290,4297087
duplicates	0.9387930410879629	1168545,2265348,2795326
duplicates	0.7895101149233382	177992,257527,1823124,2161092,2711250,4062981
duplicates	0.8801359953703708	1252288,3835638,3835656
duplicates	0.7406327610409249	310751,531787,545251,574666,621051,1827629,1828599,1884265,2197114,2204597
duplicates	0.9387930410879629	1231748,2368901,2863229
duplicates	0.9159338373350026	2407275,3863218
duplicates	0.7290000000000006	2535988,2535989,2535990,2535991,2535992,2535993,2535994
duplicates	0.9302586113810603	2825691,4132112
duplicates	0.69918625728134	285225,605259,605469,909053,909054,1093286,1093289,1199064,1557468
duplicates	0.9302586113810606	2402135,3856169
duplicates	0.9077533423716344	3023998,4232035
duplicates	0.9302586113810606	1372642,1373619,4069289
duplicates	0.9302586113810603	164458,1879633
duplicates	0.9473795098396504	1655681,2855702,4156358
duplicates	0.9302586113810606	2209558,3468933,4362145
duplicates	0.8876116293893321	456302,4409234
duplicates	0.9302586113810603	213280,647255,2349021,2559370
duplicates	0.9032962962962966	927058,2667090
duplicates	0.9302586113810606	1187646,2802973
duplicates	0.8533995426674135	825920,1155148,1785894
duplicates	0.8768600583090383	2557901,3989683
duplicates	0.8297427603610521	282382,626830,3430734,3430735,4325366,4325367
duplicates	0.8424211248285318	3379925,4391424
duplicates	0.9159338373350026	3349779,4273470
duplicates	0.9302586113810606	266297,2205702,3470845,4364076
duplicates	0.9752077546296297	1950368,1950374,2855478,4156050
duplicates	0.9159338373350026	3445535,4337796
duplicates	0.9302586113810606	632777,2204797,2328201
duplicates	0.9025112763840092	1880141,2746666,4099449
duplicates	0.7740803906836965	2270326,4115278
duplicates	0.8801359953703705	2398527,3851631
duplicates	0.8719614101220847	1282322,1282330,2386745
duplicates	0.7406327610409249	67827,297108,845634
duplicates	0.9032962962962966	2426773,3889627
duplicates	0.9302586113810606	578617,1885669,1888010,3428554,4323330
duplicates	0.9473795098396504	2671683,4045564
duplicates	0.823974609375	1337580,2890974,4191952
duplicates	0.8390469454357624	2444012,2446057,3911455,3913402
duplicates	0.955230681470351	2774921,4112383
duplicates	0.9302586113810603	2402453,3857308
duplicates	0.8573749999999999	2470629,2470915,3943571,3943866
duplicates	0.9032962962962966	2426918,3889567
duplicates	0.8801359953703701	2210915,2442255,3909449
duplicates	0.8305840000000001	275540,964531,2185254,2453661
duplicates	0.955230681470351	1111528,1428719
duplicates	0.7914531249999999	1395542,1395543,1395624,3383385,4297172
duplicates	0.9159338373350026	3349418,4272950
duplicates	0.8801359953703705	751157,2707748
duplicates	0.6323651620370376	1434770,1434771,1434772,1434773,1434774,1434775,1434776,1434777,1434778,1458492,1458493,1458509,1458510
duplicates	0.7542081795040372	204717,263308,788304,1881228
duplicates	0.8768600583090383	2865685,4164747
duplicates	0.7623842415978327	1895580,3927418,4134175
duplicates	0.6907665096782994	1111688,1116852,1136418,1429815,1433811,1477016,2526443,2527405,2529134
duplicates	0.8801359953703705	3422913,3422914,4317845,4317849
duplicates	0.8801359953703708	392136,403947,2250508
duplicates	0.8424211248285322	95870,1858437,2596307,2892363,4193352
duplicates	0.9673939151055443	1279264,3906253
duplicates	0.9302586113810606	564592,2084304,3334883,4262087
duplicates	0.9302586113810603	2825448,4131983
duplicates	0.8573749999999999	1484077,2641156,4040602
duplicates	0.9473795098396504	2485637,3964099
duplicates	0.7702546296296295	2623924,4033936
duplicates	0.9302586113810606	2740260,4091975
duplicates	0.9589093578532237	2707421,4060013
duplicates	0.9302586113810606	1696362,2590886,4000301
duplicates	0.9723092873448973	1637164,1637166,1637168,2503920,2503921,3979461,3979464
duplicates	0.9302586113810606	2388805,3842392
duplicates	0.9077533423716344	2383621,3836731
duplicates	0.955230681470351	796292,2711888
duplicates	0.9032962962962966	98569,3353622
duplicates	0.9473795098396504	2504168,3979669
duplicates	0.6334492163647469	3772163,3772164,3772165,3772166,3772167,3772168,3772169,3772264,3773647
duplicates	0.8801359953703705	2604901,4009171
duplicates	0.9045263864083688	1948579,2442380,3909610
duplicates	0.8876116293893321	2449817,3917871
duplicates	0.6593443580754973	362351,519342,522351,522353,534855,560081,573721,576289,576290,578923,605610,668540,668549
duplicates	0.8801359953703705	441460,1881580
duplicates	0.9302586113810606	323344,1893300
duplicates	0.8801359953703705	46875,3353480
duplicates	0.9032962962962966	961692,2506948,2556915
duplicates	0.9302586113810603	708621,708622
duplicates	0.9045263864083688	1948607,2442414,3909638
duplicates	0.8424211248285322	514936,524674,2756428
duplicates	0.8122037227489556	1347877,1347878,2429914,2429915,3892916,3892917
duplicates	0.9473795098396504	390321,1660911,2510662,3985191
duplicates	0.9473795098396504	2488399,3969440
duplicates	0.8390469454357627	3343426,4269743
duplicates	0.8006559766763852	21255,38263,694291,2629769,2636660,4038089
duplicates	0.8771956771080159	2865357,4164486
duplicates	0.9348038408779151	2484178,3962254
duplicates	0.9302586113810606	2402022,3855974
duplicates	0.7406327610409249	182004,440816,480515,1824565,1842355,1864066
duplicates	0.9348038408779151	1955025,4201962
duplicates	0.8424211248285322	580830,614323,1828790,2236360,2878648,2888254,4178838,4189059
duplicates	0.9032962962962966	797883,2588961
duplicates	0.9032962962962966	1066238,1785357
duplicates	0.9032962962962966	2831071,4138236
duplicates	0.955230681470351	2413121,3869981
duplicates	0.8573750000000004	1926778,2400770,3855290
duplicates	0.8603868532235938	1279942,2421511,3881595,3881596
duplicates	0.8424211248285318	1536388,1536441,2903638,4205675
duplicates	0.9302586113810606	341713,3362325,4280726
duplicates	0.8067181247182575	457541,1944325,1954203,3442636
duplicates	0.9302586113810603	471158,1844704
duplicates	0.9302586113810606	1253405,2753148,4105680
duplicates	0.7563347050754463	32245,34681,1126638,1561043,3417727,4312557,4398613
duplicates	0.8768600583090383	601136,1179095
duplicates	0.9302586113810603	275371,508475,2346661,2565546
duplicates	0.8801359953703708	2503513,3978663
duplicates	0.9302586113810606	1833835,2455895,3924916
duplicates	0.8424211248285322	51179,1235534,1579945,2913494
duplicates	0.7895101149233373	276911,600109,2351436,2574149
duplicates	0.9077533423716344	3360930,4279425
duplicates	0.8226355393077528	1766355,2320216,2707994,2707996,4060335,4060337
duplicates	0.8801359953703705	1278099,1892359
duplicates	0.7925794812708906	259624,1111684,2547896
duplicates	0.6892453703703708	41895,41925,42355,42357,42365,339340,1033663
duplicates	0.8521114574411925	1818448,2436770,3902645
duplicates	0.6836869668502321	690796,778109,778117,1148458,1148461,2256103,2256417,2256418,2261538,2261539,2712693,2712694,2785532,2785535
duplicates	0.8361771395247118	2247045,3373074,4289623
duplicates	0.955230681470351	325388,2282169,3024456,4232744
duplicates	0.7134162102028533	165750,605229,605233,1978858,2106694,2274833,2274834
duplicates	0.8424211248285322	2828234,4135046
duplicates	0.9673939151055443	2652673,4042329
duplicates	0.9032962962962966	208494,1811849
